source,title,link,date,n_comments,comment_1_author,comment_1_date,comment_1_text,comment_2_author,comment_2_date,comment_2_text,comment_3_author,comment_3_date,comment_3_text,comment_4_author,comment_4_date,comment_4_text,comment_5_author,comment_5_date,comment_5_text,comment_6_author,comment_6_date,comment_6_text,comment_7_author,comment_7_date,comment_7_text,comment_8_author,comment_8_date,comment_8_text,comment_9_author,comment_9_date,comment_9_text,comment_10_author,comment_10_date,comment_10_text,comment_11_author,comment_11_date,comment_11_text,comment_12_author,comment_12_date,comment_12_text,comment_13_author,comment_13_date,comment_13_text,comment_14_author,comment_14_date,comment_14_text,comment_15_author,comment_15_date,comment_15_text
Diario Mar√≠n,BNG propone la cesi√≥n de una m√≠nima parte de las 105 hect√°reas ocupadas por el Puerto y la Escuela Naval a Mar√≠n,https://diariomarin.com/marin/bng-propone-la-cesion-de-una-minima-parte-de-las-105-hectareas-ocupadas-por-el-puerto-y-la-escuela-naval-a-marin/,2025-05-30T07:01:02,0,,,,,,,,,,,,,,,,,,,,,,,,,,,,,,,,,,,,,,,,,,,,,
Diario Mar√≠n,LODE: ¬´Galicia tiene talento y desde aqu√≠ pueden hacerse cosas grandes¬ª,https://diariomarin.com/cultura/lode-galicia-tiene-talento/,2025-05-30T06:00:00,0,,,,,,,,,,,,,,,,,,,,,,,,,,,,,,,,,,,,,,,,,,,,,
Diario Mar√≠n,El lince Ib√©rico: De la extinci√≥n a los casi 2.400 ejemplares,https://diariomarin.com/sostenibilidad/el-lince-iberico-de-la-extincion-a-los-casi-2-400-ejemplares/,2025-05-30T05:55:00,0,,,,,,,,,,,,,,,,,,,,,,,,,,,,,,,,,,,,,,,,,,,,,
Diario Mar√≠n,GALP aproba a proposta definitiva da¬†convocatoria de axudas 2025,https://diariomarin.com/economia-y-empresas/galp-aproba-a-proposta-definitiva-da-convocatoria-de-axudas-2025/,2025-05-30T05:45:00,0,,,,,,,,,,,,,,,,,,,,,,,,,,,,,,,,,,,,,,,,,,,,,
Diario Mar√≠n,Ma√±ana Jornada de Puertas Abiertas en la Escuela Naval de Mar√≠n por el D√≠a de las Fuerzas Armadas,https://diariomarin.com/marin/manana-jornada-de-puertas-abiertas-en-la-escuela-naval-de-marin-por-el-dia-de-las-fuerzas-armadas/,2025-05-30T05:40:00,0,,,,,,,,,,,,,,,,,,,,,,,,,,,,,,,,,,,,,,,,,,,,,
Diario Mar√≠n,Pr√°cticas en el Centro de D√≠a de la Casa del Mar,https://diariomarin.com/economia-y-empresas/22395/,2025-05-30T08:06:53,0,,,,,,,,,,,,,,,,,,,,,,,,,,,,,,,,,,,,,,,,,,,,,
Diario Mar√≠n,"Verkami, el modelo de financiaci√≥n que triunfa en Mar√≠n para proyectos culturales",https://diariomarin.com/economia-y-empresas/verkami-el-modelo-de-financiacion-que-triunfa-en-marin-para-proyectos-culturales/,2025-05-26T06:11:15,0,,,,,,,,,,,,,,,,,,,,,,,,,,,,,,,,,,,,,,,,,,,,,
Diario Mar√≠n,"La Asociaci√≥n Bot√≥n de Ancla presenta hoy viernes la ‚ÄòV Ruta Mar√≠n, Pincho a Pincho‚Äô",https://diariomarin.com/marin/la-asociacion-boton-de-ancla-presenta-hoy-viernes-la-v-ruta-marin-pincho-a-pincho/,2025-05-29T05:35:00,0,,,,,,,,,,,,,,,,,,,,,,,,,,,,,,,,,,,,,,,,,,,,,
Diario Mar√≠n,Coral y Rap este fin de semana en Mar√≠n,https://diariomarin.com/cultura/coral-y-rap-este-fin-de-semana-en-marin/,2025-05-30T09:26:17,0,,,,,,,,,,,,,,,,,,,,,,,,,,,,,,,,,,,,,,,,,,,,,
Diario Mar√≠n,Yayoi Kusama y Frida Kahlo en el Museo Torres hasta el 15 de junio,https://diariomarin.com/cultura/yayoi-kusama-y-frida-kahlo-en-el-museo-torres-hasta-el-15-de-junio/,2025-05-30T08:47:57,0,,,,,,,,,,,,,,,,,,,,,,,,,,,,,,,,,,,,,,,,,,,,,
Diario Mar√≠n,"Hoxe charla-coloquio ‚ÄúAltri e ENCE¬ª, organizada polo colectivo Almuinha e APDR",https://diariomarin.com/sostenibilidad/hoxe-charla-coloquio-altri-e-ence-organizada-polo-colectivo-almuinha-e-apdr/,2025-05-30T07:38:10,0,,,,,,,,,,,,,,,,,,,,,,,,,,,,,,,,,,,,,,,,,,,,,
Diario Mar√≠n,El Tribunal Constitucional admite a tr√°mite el recurso de amparo del Concello de Pontevedra contra Ence,https://diariomarin.com/sostenibilidad/el-tribunal-constitucional-admite-a-tramite-el-recurso-de-amparo-del-concello-de-pontevedra-contra-ence/,2025-05-28T05:23:57,0,,,,,,,,,,,,,,,,,,,,,,,,,,,,,,,,,,,,,,,,,,,,,
Diario Mar√≠n,El T√© Areeiro de las camelias,https://diariomarin.com/vida/el-te-areeiro-de-las-camelias/,2025-05-30T10:56:54,0,,,,,,,,,,,,,,,,,,,,,,,,,,,,,,,,,,,,,,,,,,,,,
Diario Mar√≠n,La Xunta de Galicia premia a Estrela de Mar√≠n,https://diariomarin.com/vida/la-xunta-de-galicia-premia-a-estrela-de-marin/,2025-05-30T10:37:56,0,,,,,,,,,,,,,,,,,,,,,,,,,,,,,,,,,,,,,,,,,,,,,
Diario Mar√≠n,El f√∫tbol sala femenino sub 16 se da cita en Mar√≠n,https://diariomarin.com/vida/el-futbol-sala-femenino-sub-16-se-da-cita-en-marin/,2025-05-30T08:33:36,0,,,,,,,,,,,,,,,,,,,,,,,,,,,,,,,,,,,,,,,,,,,,,
Diario Mar√≠n,"Manuel Pazos, nuevo secretario de Pol√≠tica Forestal en el PSG-PSOE",https://diariomarin.com/gente/gentemarinenses/manuel-pazos-nuevo-secretario-de-politica-forestal-en-el-psg-psoe/,2025-05-13T05:10:29,0,,,,,,,,,,,,,,,,,,,,,,,,,,,,,,,,,,,,,,,,,,,,,
Diario Mar√≠n,"Benito Pi√±eiro, Sir Bran, poeta marinense: ¬´La poes√≠a me permite reflexionar sobre lo que siento¬ª",https://diariomarin.com/gente/benito-pineiro-sir-bran-poeta-marinense-la-poesia-me-permite-reflexionar-sobre-lo-que-siento/,2024-02-29T08:56:25,0,,,,,,,,,,,,,,,,,,,,,,,,,,,,,,,,,,,,,,,,,,,,,
Diario Mar√≠n,"Aaron Gonz√°lez, Campe√≥n de Espa√±a de Boxeo: ¬´A la gente que se le trunca la vida le aconsejo buscar un objetivo¬ª",https://diariomarin.com/gente/aaron-gonzalez-campeon-de-espana-de-boxeo-a-la-gente-que-se-le-trunca-la-vida-le-aconsejo-buscar-un-objetivo/,2024-02-29T08:55:05,0,,,,,,,,,,,,,,,,,,,,,,,,,,,,,,,,,,,,,,,,,,,,,
Diario Mar√≠n,Canciones que no ganaron Eurovisi√≥n pero sonaron mucho,https://diariomarin.com/opinion/a-fondo/canciones-que-no-ganaron-eurovision-pero-sonaron-mucho/,2025-05-20T05:30:00,0,,,,,,,,,,,,,,,,,,,,,,,,,,,,,,,,,,,,,,,,,,,,,
Diario Mar√≠n,El op√∫sculo de la soberbia,https://diariomarin.com/opinion/el-opusculo-de-la-soberbia/,2025-05-18T20:27:49,0,,,,,,,,,,,,,,,,,,,,,,,,,,,,,,,,,,,,,,,,,,,,,
Diario Mar√≠n,Ahorro en arcas p√∫blicas,https://diariomarin.com/opinion/ahorro-en-arcas-publicas/,2025-05-16T06:59:18,0,,,,,,,,,,,,,,,,,,,,,,,,,,,,,,,,,,,,,,,,,,,,,
Diario Mar√≠n,Picdoku del 31 de mayo de 2025 #002,https://diariomarin.com/juegos/picdoku-del-31-de-mayo-de-2025-002/,2025-05-31T03:04:00,0,,,,,,,,,,,,,,,,,,,,,,,,,,,,,,,,,,,,,,,,,,,,,
Diario Mar√≠n,Picdoku del 25 de mayo de 2025 #002,https://diariomarin.com/juegos/picdoku-del-25-de-mayo-de-2025-002/,2025-05-25T01:17:00,0,,,,,,,,,,,,,,,,,,,,,,,,,,,,,,,,,,,,,,,,,,,,,
Diario Mar√≠n,Crucigrama relacionado con Mar√≠n del 24 de mayo #002,https://diariomarin.com/juegos/crucigrama-relacionado-con-marin-002/,2025-05-24T02:59:00,0,,,,,,,,,,,,,,,,,,,,,,,,,,,,,,,,,,,,,,,,,,,,,
Diario Mar√≠n,Os Mart√≠n C√≥dax homenaxean na s√∫a XII edici√≥n √° musica tradicional galega,https://diariomarin.com/cultura/os-martin-codax-homenaxean-na-sua-xii-edicion-a-musica-tradicional-galega/,2025-05-29T06:14:17,0,,,,,,,,,,,,,,,,,,,,,,,,,,,,,,,,,,,,,,,,,,,,,
Diario Mar√≠n,"M√°s de 20,5 millones de euros para el nuevo contrato de recogida de residuos que durar√° diez a√±os",https://diariomarin.com/marin/mas-de-205-millones-de-euros-para-el-nuevo-contrato-de-recogida-de-residuos-que-durara-diez-anos/,2025-05-23T06:06:24,0,,,,,,,,,,,,,,,,,,,,,,,,,,,,,,,,,,,,,,,,,,,,,
Diario Mar√≠n,El plan de desbroces y caminos llega a las playas,https://diariomarin.com/sostenibilidad/el-plan-de-desbroces-y-caminos-llega-a-las-playas/,2025-05-26T04:13:00,0,,,,,,,,,,,,,,,,,,,,,,,,,,,,,,,,,,,,,,,,,,,,,
Diario Mar√≠n,Este m√©rcores entr√©ganse os Premios Mart√≠n C√≥dax da m√∫sica galega,https://diariomarin.com/cultura/este-mercores-entreganse-os-premios-martin-codax-da-musica-galega/,2025-05-27T04:48:44,0,,,,,,,,,,,,,,,,,,,,,,,,,,,,,,,,,,,,,,,,,,,,,
Diario Mar√≠n,O Cami√±o de Bouz√≥n mellora a mobilidade para a veci√±anza,https://diariomarin.com/marin/o-camino-de-bouzon-mellora-a-mobilidade-para-a-vecinanza/,2025-05-29T05:30:36,0,,,,,,,,,,,,,,,,,,,,,,,,,,,,,,,,,,,,,,,,,,,,,
Diario Mar√≠n,"Tuy abre el buque ¬´Cabo Fraderas¬ª, el segundo m√°s antiguo de la Armada (1963) al p√∫blico",https://diariomarin.com/cultura/tuy-abre-el-buque-cabo-fraderas-el-segundo-mas-antiguo-de-la-armada-1963-al-publico/,2025-05-29T04:05:00,0,,,,,,,,,,,,,,,,,,,,,,,,,,,,,,,,,,,,,,,,,,,,,
Diario Mar√≠n,La escritora y compositora Sabela Senn presenta hoy su novela en Nobel Pontevedra,https://diariomarin.com/cultura/la-escritora-y-compositora-sabela-senn-presenta-hoy-su-novela-en-nobel-pontevedra/,2025-05-29T04:00:00,0,,,,,,,,,,,,,,,,,,,,,,,,,,,,,,,,,,,,,,,,,,,,,
Diario Mar√≠n,Os xogos de auga do Paseo xa volven estar activos,https://diariomarin.com/marin/os-xogos-de-auga-do-paseo-xa-volven-estar-activos/,2025-05-28T04:57:53,0,,,,,,,,,,,,,,,,,,,,,,,,,,,,,,,,,,,,,,,,,,,,,
Diario Mar√≠n,O BNG organiza un acto para presentar a proposta ‚ÄòAbrir Mar√≠n ao mar‚Äô,https://diariomarin.com/marin/o-bng-organiza-un-acto-para-presentar-a-proposta-abrir-marin-ao-mar/,2025-05-28T04:29:00,0,,,,,,,,,,,,,,,,,,,,,,,,,,,,,,,,,,,,,,,,,,,,,
Diario Mar√≠n,Silvia Rodr√≠guez Coladas presenta hoy su nuevo libro en Pontevedra,https://diariomarin.com/cultura/silvia-rodriguez-coladas-presenta-hoy-su-nuevo-libro-en-pontevedra/,2025-05-28T04:00:00,0,,,,,,,,,,,,,,,,,,,,,,,,,,,,,,,,,,,,,,,,,,,,,
Diario Mar√≠n,Mar√≠n impulsa en Casti√±eiras un proxecto para fomentar a rexeneraci√≥n ambiental e o uso social do seu espazo,https://diariomarin.com/marin/marin-impulsa-en-castineiras-un-proxecto-para-fomentar-a-rexeneracion-ambiental-e-o-uso-social-do-seu-espazo/,2025-05-27T05:11:25,0,,,,,,,,,,,,,,,,,,,,,,,,,,,,,,,,,,,,,,,,,,,,,
Diario Mar√≠n,"Nueva residencia y reforma de la actual por 2,76 millones",https://diariomarin.com/marin/nueva-residencia-y-reforma-de-la-actual-por-276-millones/,2025-05-27T04:36:00,0,,,,,,,,,,,,,,,,,,,,,,,,,,,,,,,,,,,,,,,,,,,,,
Diario Mar√≠n,La Diputaci√≥n expropia terrenos en Mar√≠n para dotar de acera al vial EP-1203,https://diariomarin.com/marin/la-diputacion-expropia-terrenos-en-marin-para-dotar-de-acera-al-vial-ep-1203/,2025-05-26T05:58:00,0,,,,,,,,,,,,,,,,,,,,,,,,,,,,,,,,,,,,,,,,,,,,,
Diario Mar√≠n,El Puerto conecta sus aguas residuales al colector general de Mar√≠n,https://diariomarin.com/marin/el-puerto-conecta-sus-aguas-residuales-al-colector-general-de-marin/,2025-05-26T05:50:51,0,,,,,,,,,,,,,,,,,,,,,,,,,,,,,,,,,,,,,,,,,,,,,
Diario Mar√≠n,Seis novos obradoiros de capacitaci√≥n tecnol√≥xica esta semana,https://diariomarin.com/vida/seis-novos-obradoiros-de-capacitacion-tecnoloxica-esta-semana/,2025-05-26T05:29:16,0,,,,,,,,,,,,,,,,,,,,,,,,,,,,,,,,,,,,,,,,,,,,,
Diario Mar√≠n,Los alumnos de la Escuela Naval culminan la peregrinaci√≥n a Santiago,https://diariomarin.com/marin/marinparroquias/los-alumnos-de-la-escuela-naval-culminan-la-peregrinacion-a-santiago/,2025-05-23T06:00:00,0,,,,,,,,,,,,,,,,,,,,,,,,,,,,,,,,,,,,,,,,,,,,,
Diario Mar√≠n,‚ÄúEl grito silenciado‚Äù de Ana Tortajada,https://diariomarin.com/cultura/el-grito-silenciado-de-ana-tortajada/,2025-05-23T05:00:00,0,,,,,,,,,,,,,,,,,,,,,,,,,,,,,,,,,,,,,,,,,,,,,
Diario Mar√≠n,Este s√°bado Feira da Primavera y Contamaxias,https://diariomarin.com/cultura/este-sabado-feira-da-primavera-y-contamaxias/,2025-05-23T04:59:00,0,,,,,,,,,,,,,,,,,,,,,,,,,,,,,,,,,,,,,,,,,,,,,
Diario Mar√≠n,Pleno Extraordinario para modificar los complementos de 17 puestos administrativos del Concello y 25 de polic√≠a,https://diariomarin.com/marin/pleno-extraordinario-para-modificar-complementos-de-17-puestos-administrativos-del-concello-y-25-de-policia/,2025-05-22T05:59:39,0,,,,,,,,,,,,,,,,,,,,,,,,,,,,,,,,,,,,,,,,,,,,,
Diario Mar√≠n,Cuando el √©xito pesa: el s√≠ndrome de la impostora en las mujeres,https://diariomarin.com/vida/salud-mentalpsicologia/cuando-el-exito-pesa-el-sindrome-de-la-impostora-en-las-mujeres/,2025-05-22T05:00:00,0,,,,,,,,,,,,,,,,,,,,,,,,,,,,,,,,,,,,,,,,,,,,,
Diario Mar√≠n,El Club de Opini√≥n Portocelo organiza un debate sobre c√≥mo ‚ÄúAbrir Mar√≠n ao mar‚Äù,https://diariomarin.com/marin/el-club-de-opinion-portocelo-organiza-un-debate-sobre-como-abrir-marin-al-mar/,2025-05-22T02:51:00,0,,,,,,,,,,,,,,,,,,,,,,,,,,,,,,,,,,,,,,,,,,,,,
Diario Mar√≠n,Mela Gra√±a Solla de ‚ÄúLabores y Patchwork‚Äù: ¬´Botamos de menos que o Concello se preocupe polo comercio local e a s√∫a xente¬ª,https://diariomarin.com/marin/axudas-comercio-labores-patchwork/,2025-05-21T05:41:51,0,,,,,,,,,,,,,,,,,,,,,,,,,,,,,,,,,,,,,,,,,,,,,
Diario Mar√≠n,O BNG censura a ‚Äúcastelanizaci√≥n‚Äù do D√≠a das Letras Galegas en Mar√≠n,https://diariomarin.com/marin/o-bng-censura-castelanizacion-do-dia-das-letras-galegas-en-marin/,2025-05-21T05:25:19,0,,,,,,,,,,,,,,,,,,,,,,,,,,,,,,,,,,,,,,,,,,,,,
Diario Mar√≠n,Lu√≠s Bar√° falar√° este venres en Mar√≠n sobre Castelao,https://diariomarin.com/cultura/luis-bara-falara-este-venres-en-marin-sobre-castelao/,2025-05-21T04:15:00,0,,,,,,,,,,,,,,,,,,,,,,,,,,,,,,,,,,,,,,,,,,,,,
Diario Mar√≠n,O Concello de Mar√≠n gasta 250.000 euros no equipamento do auditorio,https://diariomarin.com/marin/o-concello-de-marin-acada-250-000-euros-para-equipamento-do-auditorio/,2025-05-21T04:15:00,0,,,,,,,,,,,,,,,,,,,,,,,,,,,,,,,,,,,,,,,,,,,,,
Diario Mar√≠n,A Deputaci√≥n abre o prazo para inscribirse no programa ¬´+BENESTAR¬ª en centros termais,https://diariomarin.com/vida/deputacion-inscripcion-benestar/,2025-05-21T02:52:00,0,,,,,,,,,,,,,,,,,,,,,,,,,,,,,,,,,,,,,,,,,,,,,
Diario Mar√≠n,"‚ÄòEl secreto de La Perfecci√≥n‚Äô, en Casa de Galicia Madrid",https://diariomarin.com/cultura/el-secreto-de-la-perfeccion-en-casa-de-galicia-madrid/,2025-05-21T02:51:00,0,,,,,,,,,,,,,,,,,,,,,,,,,,,,,,,,,,,,,,,,,,,,,
Diario Mar√≠n,El Concello de Mar√≠n terminar√° a finales de agosto las obras del Auditorio,https://diariomarin.com/marin/el-concello-de-marin-terminara-a-finales-de-agosto-las-obras-del-auditorio/,2025-05-20T05:55:49,0,,,,,,,,,,,,,,,,,,,,,,,,,,,,,,,,,,,,,,,,,,,,,
Diario Mar√≠n,UNED Pontevedra se erige en el Top 3 nacional¬†con 15 cursos de verano,https://diariomarin.com/economia-y-empresas/uned-pontevedra-se-erige-en-el-top-3-nacional-con-15-cursos-de-verano/,2025-05-20T05:00:00,0,,,,,,,,,,,,,,,,,,,,,,,,,,,,,,,,,,,,,,,,,,,,,
Diario Mar√≠n,El declive de la codorniz,https://diariomarin.com/sostenibilidad/el-declive-de-la-codorniz/,2025-05-20T04:30:00,0,,,,,,,,,,,,,,,,,,,,,,,,,,,,,,,,,,,,,,,,,,,,,
Diario Mar√≠n,"Un funcionario de Mar√≠n cobra en abril 5.500 euros brutos, seg√∫n el Servicio de Intervenci√≥n del Concello y PSOE",https://diariomarin.com/marin/un-funcionario-de-marin-cobra-en-abril-5-500-euros-brutos-segun-el-servicio-de-intervencion-del-concello-y-psoe/,2025-05-19T06:00:00,0,,,,,,,,,,,,,,,,,,,,,,,,,,,,,,,,,,,,,,,,,,,,,
Diario Mar√≠n,Pasi√≥n contra raz√≥n,https://diariomarin.com/vida/motor/pasion-contra-razon/,2025-05-19T05:59:00,0,,,,,,,,,,,,,,,,,,,,,,,,,,,,,,,,,,,,,,,,,,,,,
Diario Mar√≠n,A praza da Veigui√±a acolleu esta fin de semana o II Festival das Letras Galegas,https://diariomarin.com/marin/festival-das-letras-de-marin/,2025-05-19T05:55:00,0,,,,,,,,,,,,,,,,,,,,,,,,,,,,,,,,,,,,,,,,,,,,,
Diario Mar√≠n,Novos obradoiros da Rede SmartPeme+ esta semana,https://diariomarin.com/vida/tecnoloxia/novos-obradoiros-da-rede-smartpeme-esta-semana/,2025-05-18T10:29:37,0,,,,,,,,,,,,,,,,,,,,,,,,,,,,,,,,,,,,,,,,,,,,,
Diario Mar√≠n,Picdoku del 18 de mayo de 2025 #001,https://diariomarin.com/juegos/picdoku-del-17-de-mayo-de-2025-001/,2025-05-18T02:45:00,0,,,,,,,,,,,,,,,,,,,,,,,,,,,,,,,,,,,,,,,,,,,,,
Diario Mar√≠n,Sopa de letras del 17 de mayo de 2025 ‚Äì Eurovisi√≥n #002,https://diariomarin.com/juegos/sopa-de-letras/sopa-de-letras-del-10-de-mayo-de-2025-eurovision-002/,2025-05-17T04:13:00,0,,,,,,,,,,,,,,,,,,,,,,,,,,,,,,,,,,,,,,,,,,,,,
Diario Mar√≠n,Crucigrama do 17 de maio de 2025 ‚Äì D√≠a das Letras Gallegas #001,https://diariomarin.com/juegos/crucigrama-del-17-de-mayo-de-2025-001/,2025-05-17T03:08:00,0,,,,,,,,,,,,,,,,,,,,,,,,,,,,,,,,,,,,,,,,,,,,,
Diario Mar√≠n,Presentaci√≥n de la marcha contra Ence y Altri,https://diariomarin.com/sostenibilidad/presentacion-de-la-marcha-contra-ence-y-altri/,2025-05-16T07:19:40,0,,,,,,,,,,,,,,,,,,,,,,,,,,,,,,,,,,,,,,,,,,,,,
Diario Mar√≠n,Renovaci√≥n de beirarr√∫as,https://diariomarin.com/marin/renovacion-de-beirarruas/,2025-05-16T07:10:10,0,,,,,,,,,,,,,,,,,,,,,,,,,,,,,,,,,,,,,,,,,,,,,
Diario Mar√≠n,Na ¬´Solaina¬ª da editorial Kalandraka,https://diariomarin.com/cultura/libros/solaina-kalandraka-libro-disco/,2025-05-16T05:56:30,0,,,,,,,,,,,,,,,,,,,,,,,,,,,,,,,,,,,,,,,,,,,,,
Diario Mar√≠n,El perfeccionismo y la tiran√≠a de los ‚Äúdeber√≠a‚Äù,https://diariomarin.com/vida/salud-mentalpsicologia/el-perfeccionismo-y-la-tirania-de-los-deberia/,2025-05-16T05:55:00,1,30neros,18 de mayo de 2025 a las 10:53 am,"Graci√±as Inma. ¬°C√≥mo me gusta este tipo de art√≠culos en el que un psic√≥logo cl√≠nico nos ense√±a a enfocarnos de otra manera, nos ayuda a repensar nuestro comportamiento para tener una buena salud mental! ¬°Enhorabuena!",,,,,,,,,,,,,,,,,,,,,,,,,,,,,,,,,,,,,,,,,,
Diario Mar√≠n,Silvia Rodr√≠guez Coladas presenta ¬´En la penumbra de un jard√≠n extra√±o¬ª,https://diariomarin.com/cultura/libros/silvia-rodriguez-coladas-presenta-en-la-penumbra-de-un-jardin-extrano/,2025-05-15T17:51:00,0,,,,,,,,,,,,,,,,,,,,,,,,,,,,,,,,,,,,,,,,,,,,,
Diario Mar√≠n,O BNG denuncia atrasos nas axudas a dependentes en Mar√≠n,https://diariomarin.com/marin/atrasos-nas-axudas-a-dependentes-en-marin/,2025-05-15T14:10:26,0,,,,,,,,,,,,,,,,,,,,,,,,,,,,,,,,,,,,,,,,,,,,,
Diario Mar√≠n,"Silencio, se rueda, acci√≥n‚Ä¶ ‚ÄòMarux√≠a. Vientos de Honor‚Äô en el Parque de los Sentidos de Mar√≠n",https://diariomarin.com/marin/silencio-se-rueda-accion-maruxia-vientos-de-honor-en-el-parque-de-los-sentidos-de-marin/,2025-05-15T05:07:37,0,,,,,,,,,,,,,,,,,,,,,,,,,,,,,,,,,,,,,,,,,,,,,
Diario Mar√≠n,"Nuria Vil√°n Prado, ga√±adora do XVIII Premio de Narraci√≥n Curta do Concello de Mar√≠n",https://diariomarin.com/cultura/literatura/nuria-vilan-prado-ganadora-do-xviii-premio-de-narracion-curta-do-concello-de-marin/,2025-05-15T04:55:00,0,,,,,,,,,,,,,,,,,,,,,,,,,,,,,,,,,,,,,,,,,,,,,
Diario Mar√≠n,"A Deputaci√≥n de Pontevedra impulsa tres formaci√≥ns sobre ciberseguridade, ciberdelincuencia e IA",https://diariomarin.com/vida/a-deputacion-impulsa-tres-formacions-sobre-ciberseguridade-ciberdelincuencia-e-ia/,2025-05-15T04:34:18,0,,,,,,,,,,,,,,,,,,,,,,,,,,,,,,,,,,,,,,,,,,,,,
Diario Mar√≠n,Alba Blanco de ¬´Mardeafora¬ª: ¬´Mar√≠n como cidade mari√±eira est√° moi presente¬ª,https://diariomarin.com/cultura/alba-blanco-mardeafora-marin-como-cidade-marineira-esta-moi-presente/,2025-05-14T05:00:00,0,,,,,,,,,,,,,,,,,,,,,,,,,,,,,,,,,,,,,,,,,,,,,
Diario Mar√≠n,O II Festival das Letras homenaxear√° as cantareiras,https://diariomarin.com/cultura/o-ii-festival-das-letras-homenaxeara-as-cantareiras/,2025-05-14T04:55:00,0,,,,,,,,,,,,,,,,,,,,,,,,,,,,,,,,,,,,,,,,,,,,,
Diario Mar√≠n,El Concello recibe 282 solicitudes de campamento de verano,https://diariomarin.com/vida/el-concello-recibe-282-solicitudes-de-campamento-de-verano/,2025-05-14T04:50:00,0,,,,,,,,,,,,,,,,,,,,,,,,,,,,,,,,,,,,,,,,,,,,,
Diario Mar√≠n,O BNG denuncia suciedade e a perda da bandeira azul en Loira,https://diariomarin.com/sostenibilidad/o-bng-denuncia-suciedade-e-perda-da-bandeira-azul-en-loira/,2025-05-14T04:48:00,0,,,,,,,,,,,,,,,,,,,,,,,,,,,,,,,,,,,,,,,,,,,,,
Diario Mar√≠n,O local de hostalar√≠a da punta do Paseo Alcalde Blanco e Kioskos das praias xa te√±en adxudicatarios,https://diariomarin.com/marin/o-local-de-hostalaria-da-punta-do-paseo-alcalde-blanco-e-kioskos-das-praias-xa-tenen-adxudicatarios/,2025-05-14T04:45:00,0,,,,,,,,,,,,,,,,,,,,,,,,,,,,,,,,,,,,,,,,,,,,,
Diario Mar√≠n,Salinas Club de Lectura visita la F√°brica Mass√≥ de Cangas con el anuncio de su rehabilitaci√≥n,https://diariomarin.com/cultura/salinas-club-de-lectura-visita-la-fabrica-masso-de-cangas-con-el-anuncio-de-su-rehabilitacion/,2025-05-13T05:11:03,0,,,,,,,,,,,,,,,,,,,,,,,,,,,,,,,,,,,,,,,,,,,,,
Diario Mar√≠n,La paz sea con todos,https://diariomarin.com/opinion/la-paz-sea-con-todos/,2025-05-13T04:45:00,0,,,,,,,,,,,,,,,,,,,,,,,,,,,,,,,,,,,,,,,,,,,,,
Diario Mar√≠n,¬´Abellas de ouro¬ª de Xos√© Lesta Meis,https://diariomarin.com/cultura/as-abellas-de-ouro-de-xose-lesta-meis/,2025-05-13T04:35:00,0,,,,,,,,,,,,,,,,,,,,,,,,,,,,,,,,,,,,,,,,,,,,,
Diario Mar√≠n,El PSOE Mar√≠n alerta de que existe un informe de Intervenci√≥n sobre la falta de control y rigor en las obras municipales,https://diariomarin.com/marin/el-psoe-marin-alerta-de-que-existe-un-informe-de-intervencion-sobre-la-falta-de-control-y-rigor-en-las-obras-municipales/,2025-05-12T05:26:24,0,,,,,,,,,,,,,,,,,,,,,,,,,,,,,,,,,,,,,,,,,,,,,
Diario Mar√≠n,Campa√±a de crowdfunding para apoyar a MAC Mar√≠n,https://diariomarin.com/cultura/campana-de-crowdfunding-para-apoyar-a-mac-marin/,2025-05-12T04:50:00,0,,,,,,,,,,,,,,,,,,,,,,,,,,,,,,,,,,,,,,,,,,,,,
Diario Mar√≠n,La Sub-15 de f√∫tbol sala nacional convoca a Noa Gonz√°lez,https://diariomarin.com/vida/deportes-danza/la-sub-15-de-futbol-sala-nacional-convoca-a-noa-gonzalez/,2025-05-12T04:15:00,0,,,,,,,,,,,,,,,,,,,,,,,,,,,,,,,,,,,,,,,,,,,,,
Diario Mar√≠n,√Ålvarez y Orgando Promociones construir√° 26 nuevas viviendas a precio libre en La Ca√±ota,https://diariomarin.com/economia-y-empresas/alvarez-y-orgando-promociones-construira-26-nuevas-viviendas-a-precio-libre-en-la-canota/,2025-05-12T04:00:00,0,,,,,,,,,,,,,,,,,,,,,,,,,,,,,,,,,,,,,,,,,,,,,
Diario Mar√≠n,Estrela de Mar√≠n convoca un concurso de cortos para 1¬∫ de ESO a 2¬∫ de Bachillerato,https://diariomarin.com/vida/estrela-de-marin-convoca-un-concurso-de-cortos-para-1o-de-eso-a-2o-de-bachillerato/,2025-05-12T03:55:00,0,,,,,,,,,,,,,,,,,,,,,,,,,,,,,,,,,,,,,,,,,,,,,
Diario Mar√≠n,El c√≥nclave,https://diariomarin.com/opinion/vineta-el-conclave/,2025-05-12T03:45:00,0,,,,,,,,,,,,,,,,,,,,,,,,,,,,,,,,,,,,,,,,,,,,,
Diario Mar√≠n,Sudoku sencillo del 11 de mayo de 2025 #003,https://diariomarin.com/juegos/sudokus/sudoku-sencillo-del-11-de-mayo-de-2025-003/,2025-05-11T02:34:00,0,,,,,,,,,,,,,,,,,,,,,,,,,,,,,,,,,,,,,,,,,,,,,
Diario Mar√≠n,Sopa de letras del 10 de mayo de 2025 #001,https://diariomarin.com/juegos/sopa-de-letras-del-10-de-mayo-de-2025-001/,2025-05-10T02:00:00,0,,,,,,,,,,,,,,,,,,,,,,,,,,,,,,,,,,,,,,,,,,,,,
Diario Mar√≠n,O Museo do Mar espera dende hai anos a que o Concello de Mar√≠n lle facilite un local,https://diariomarin.com/marin/o-museo-do-mar-a-espera-de-local/,2025-05-09T05:28:49,4,Sara Mart√≠nez Fernandez,9 de mayo de 2025 a las 7:41 pm,Felicitaciones. Estupendo reportaje. Informar para conocer üëåüèº,Cristina Corral,9 de mayo de 2025 a las 11:57 pm,"Grazas, Sara, iso intentamos:)",Lola Fern√°ndez Pazos,10 de mayo de 2025 a las 9:19 am,"¬°Felicidades Cristina, siempre aportando mucho m√°s a los lectores! Es un Museo precios√≠simo, no dejen de conocerlo. üí™üèª‚öìÔ∏èüõü",Cristina Corral,10 de mayo de 2025 a las 4:31 pm,Grazas Lola! Concuerdo con la necesidad de visitarlo üôÇ,,,,,,,,,,,,,,,,,,,,,,,,,,,,,,,,,
Diario Mar√≠n,O BNG prop√≥n actualizar o rueiro e corrixir a sinalizaci√≥n,https://diariomarin.com/marin/o-bng-propon-actualizar-o-rueiro-e-corrixir-a-sinalizacion/,2025-05-09T05:10:00,0,,,,,,,,,,,,,,,,,,,,,,,,,,,,,,,,,,,,,,,,,,,,,
Diario Mar√≠n,El Gym y el √ëam,https://diariomarin.com/opinion/el-gym-y-el-nam/,2025-05-09T04:50:00,1,Margaret Vilas illanes,9 de mayo de 2025 a las 8:39 am,üòÇüòÇüòÇüòÇ que bueno Y totalmente cierto üëèüèºüëèüèºüëèüèº,,,,,,,,,,,,,,,,,,,,,,,,,,,,,,,,,,,,,,,,,,
Diario Mar√≠n,"El √©xito de The Way Startup Summit sigue hoy con 50 firmas, 100 ponentes y 120 inversores",https://diariomarin.com/economia-y-empresas/el-exito-de-the-way-startup-summit-sigue-hoy-con-50-firmas-100-ponentes-y-120-inversores/,2025-05-09T04:45:00,0,,,,,,,,,,,,,,,,,,,,,,,,,,,,,,,,,,,,,,,,,,,,,
Diario Mar√≠n,El peso de Ence en la cultura,https://diariomarin.com/opinion/el-peso-de-ence-en-la-cultura/,2025-05-08T07:47:56,0,,,,,,,,,,,,,,,,,,,,,,,,,,,,,,,,,,,,,,,,,,,,,
Diario Mar√≠n,Ence destina 3 millones de euros a comprar voluntades en Mar√≠n y su entorno,https://diariomarin.com/marin/ence-destina-3-millones-de-euros-a-comprar-voluntades-en-marin-y-su-entorno/,2025-05-08T04:47:38,0,,,,,,,,,,,,,,,,,,,,,,,,,,,,,,,,,,,,,,,,,,,,,
Diario Mar√≠n,"Proyecci√≥n del documental ‚ÄòAltri, a loita final‚Äô ma√±ana a las 19:30h en Bellas Artes",https://diariomarin.com/sostenibilidad/proyeccion-del-documental-altri-a-loita-final-manana-a-las-1930h-en-bellas-artes/,2025-05-08T04:46:53,0,,,,,,,,,,,,,,,,,,,,,,,,,,,,,,,,,,,,,,,,,,,,,
Diario Mar√≠n,Cuando la libertad se convierte en ruido,https://diariomarin.com/opinion/cuando-la-libertad-se-convierte-en-ruido/,2025-05-08T04:45:00,0,,,,,,,,,,,,,,,,,,,,,,,,,,,,,,,,,,,,,,,,,,,,,
Diario Mar√≠n,"Empleo verde, la sostenibilidad en el foco de una nueva era laboral",https://diariomarin.com/economia-y-empresas/empleoformacion/empleo-verde-la-sostenibilidad-en-el-foco-de-una-nueva-era-laboral/,2025-05-08T04:00:00,0,,,,,,,,,,,,,,,,,,,,,,,,,,,,,,,,,,,,,,,,,,,,,
Diario Mar√≠n,Casa Galicia (Xunta) y Feria del Libro de Madrid acogen a la escritora marinense Lola Fern√°ndez Pazos y  ¬´El secreto de La Perfecci√≥n¬ª,https://diariomarin.com/cultura/casa-galicia-xunta-y-feria-del-libro-de-madrid-acogen-a-la-escritora-marinense-lola-fernandez-pazos-y-el-secreto-de-la-perfeccion/,2025-05-06T17:58:48,0,,,,,,,,,,,,,,,,,,,,,,,,,,,,,,,,,,,,,,,,,,,,,
Diario Mar√≠n,Inteligencia Artificial,https://diariomarin.com/opinion/inteligencia-artificial/,2025-05-06T06:22:31,0,,,,,,,,,,,,,,,,,,,,,,,,,,,,,,,,,,,,,,,,,,,,,
Diario Mar√≠n,"¬øCu√°nto y qu√© es lo que m√°s recicla Mar√≠n? Dos toneladas de residuos y, sobre todo, pilas y c√°psulas de caf√©",https://diariomarin.com/sostenibilidad/cuanto-y-que-es-lo-que-mas-recicla-marin-dos-toneladas-de-residuos-y-sobre-todo-capsulas-de-cafe/,2025-05-06T06:01:56,0,,,,,,,,,,,,,,,,,,,,,,,,,,,,,,,,,,,,,,,,,,,,,
Diario Mar√≠n,"Almuinha organiza na Biblioteca ¬´Palestina, a traxedia que non cesa¬ª",https://diariomarin.com/marin/almuinha-organiza-na-biblioteca-palestina-a-traxedia-que-non-cesa/,2025-05-06T06:00:54,0,,,,,,,,,,,,,,,,,,,,,,,,,,,,,,,,,,,,,,,,,,,,,
Diario Mar√≠n,"¬´Sentirte √©, acaso, o mellor lugar parar renderse¬ª de Domingo Tabuyo",https://diariomarin.com/cultura/sentirte-e-acaso-o-mellor-lugar-para-renderse/,2025-05-06T05:00:00,0,,,,,,,,,,,,,,,,,,,,,,,,,,,,,,,,,,,,,,,,,,,,,
Diario Mar√≠n,O comercio de Mar√≠n recolle 47.000 euros da Campa√±a do D√≠a da Nai e reparte tarxetas regalo por valor de 50 euros,https://diariomarin.com/marin/o-comercio-de-marin-recolle-47-000-euros-da-campana-do-dia-da-nai-e-reparte-tarxetas-regalo-por-valor-de-50-euros/,2025-05-06T03:00:00,0,,,,,,,,,,,,,,,,,,,,,,,,,,,,,,,,,,,,,,,,,,,,,
Diario Mar√≠n,El a√±o de Castelao llega a Mar√≠n: un gallego del renacimiento,https://diariomarin.com/cultura/el-ano-de-castelao/,2025-05-05T06:21:52,0,,,,,,,,,,,,,,,,,,,,,,,,,,,,,,,,,,,,,,,,,,,,,
Diario Mar√≠n,Mar√≠n apoya la construcci√≥n de vivienda protegida,https://diariomarin.com/marin/marin-apoya-la-construccion-de-vivienda-protegida/,2025-05-05T06:20:00,0,,,,,,,,,,,,,,,,,,,,,,,,,,,,,,,,,,,,,,,,,,,,,
Diario Mar√≠n,Novos obradoiros de capacitaci√≥n tecnol√≥xica,https://diariomarin.com/vida/tecnoloxia/novos-obradoiros-de-capacitacion-tecnoloxica/,2025-05-05T05:30:00,0,,,,,,,,,,,,,,,,,,,,,,,,,,,,,,,,,,,,,,,,,,,,,
Diario Mar√≠n,Luz de candil: reflexi√≥n sobre lo que nos separa y lo que nos une,https://diariomarin.com/opinion/luz-de-candil/,2025-05-05T04:30:00,0,,,,,,,,,,,,,,,,,,,,,,,,,,,,,,,,,,,,,,,,,,,,,
Diario Mar√≠n,Sudoku experto del 4 de mayo de 2025 #002,https://diariomarin.com/juegos/sudoku-sencillo-del-4-de-mayo-de-2025-002/,2025-05-04T00:35:00,0,,,,,,,,,,,,,,,,,,,,,,,,,,,,,,,,,,,,,,,,,,,,,
Diario Mar√≠n,Sudoku sencillo del 3 de mayo de 2025 #001,https://diariomarin.com/juegos/sudoku-sencillo-del-3-de-mayo-de-2025-001/,2025-05-03T01:34:00,0,,,,,,,,,,,,,,,,,,,,,,,,,,,,,,,,,,,,,,,,,,,,,
Diario Mar√≠n,‚ÄúMar√≠n √© un referente para os armadores de todo o mundo‚Äù,https://diariomarin.com/economia-y-empresas/marin-referente-armadores-de-todo-o-mundo/,2025-05-02T07:32:07,0,,,,,,,,,,,,,,,,,,,,,,,,,,,,,,,,,,,,,,,,,,,,,
Diario Mar√≠n,Recogida de premios de Maios 2025 en la Plaza del Reloj,https://diariomarin.com/marin/recogida-de-premios-de-maios-2025-en-la-plaza-del-reloj/,2025-05-02T07:00:00,0,,,,,,,,,,,,,,,,,,,,,,,,,,,,,,,,,,,,,,,,,,,,,
Diario Mar√≠n,La procesi√≥n de San Xos√© de Cantodarea brill√≥,https://diariomarin.com/marin/la-procesion-de-san-xose-de-cantodarea-brillo/,2025-05-02T06:00:00,0,,,,,,,,,,,,,,,,,,,,,,,,,,,,,,,,,,,,,,,,,,,,,
Diario Mar√≠n,Diario Mar√≠n inicia con el Gran Apag√≥n una nueva fase con m√°s fichajes y el proyecto de TV Mar√≠n,https://diariomarin.com/opinion/diario-marin-inicia-con-el-gran-apagon-una-nueva-fase-con-mas-fichajes-y-el-proyecto-de-tv-marin/,2025-05-01T03:37:00,0,,,,,,,,,,,,,,,,,,,,,,,,,,,,,,,,,,,,,,,,,,,,,
Diario Mar√≠n,El super,https://diariomarin.com/opinion/el-super/,2025-05-01T03:29:01,0,,,,,,,,,,,,,,,,,,,,,,,,,,,,,,,,,,,,,,,,,,,,,
Diario Mar√≠n,"1 de Maio no Porto: CCOO pide m√°is seguridade, m√°is¬†salario, m√°is conciliaci√≥n",https://diariomarin.com/economia-y-empresas/1-de-maio-no-porto-ccoo-pide-mais-seguridade-mais-salario-mais-conciliacion/,2025-05-01T02:48:47,0,,,,,,,,,,,,,,,,,,,,,,,,,,,,,,,,,,,,,,,,,,,,,
Diario Mar√≠n,A forza das mulleres na loita obreira en Mar√≠n,https://diariomarin.com/marin/a-forza-das-mulleres-na-loita-obreira-en-marin/,2025-05-01T02:45:00,0,,,,,,,,,,,,,,,,,,,,,,,,,,,,,,,,,,,,,,,,,,,,,
Diario Mar√≠n,La discapacidad en el Primero de Mayo,https://diariomarin.com/economia-y-empresas/empleoformacion/la-discapacidad-en-el-primero-de-mayo/,2025-05-01T02:30:00,0,,,,,,,,,,,,,,,,,,,,,,,,,,,,,,,,,,,,,,,,,,,,,
Diario Mar√≠n,O Open Villa de Mar√≠n de Boxeo reunir√° a m√°is de 500 deportistas,https://diariomarin.com/vida/o-open-villa-de-marin-de-boxeoreunira-a-mais-de-500-deportistas/,2025-05-01T02:04:00,0,,,,,,,,,,,,,,,,,,,,,,,,,,,,,,,,,,,,,,,,,,,,,
Diario Mar√≠n,La Armada anuncia una Jura de Bandera Civil para el 24 de mayo,https://diariomarin.com/marin/la-armada-anuncia-una-jura-de-bandera-civil-para-el-24-de-mayo/,2025-05-01T02:00:00,0,,,,,,,,,,,,,,,,,,,,,,,,,,,,,,,,,,,,,,,,,,,,,
Diario Mar√≠n,El d√≠a despu√©s del ‚ÄòGran Apag√≥n‚Äô: ¬øPor qu√© sobrevolaron cazas ayer por la noche en Mar√≠n?,https://diariomarin.com/marin/el-dia-despues-del-gran-apagon-por-que-sobrevolaron-cazas-ayer-por-la-noche-en-marin/,2025-04-30T04:15:18,0,,,,,,,,,,,,,,,,,,,,,,,,,,,,,,,,,,,,,,,,,,,,,
Diario Mar√≠n,Maios LXXII en Ateneo Santa Cecilia y D√≠a de la Madre,https://diariomarin.com/marin/maios-lxxii-en-ateneo-santa-cecilia-y-dia-de-la-madre/,2025-04-30T03:00:00,0,,,,,,,,,,,,,,,,,,,,,,,,,,,,,,,,,,,,,,,,,,,,,
Diario Mar√≠n,"Mar√≠n, un entorno de pel√≠cula",https://diariomarin.com/cultura/marin-un-entorno-de-pelicula/,2025-04-30T02:00:00,0,,,,,,,,,,,,,,,,,,,,,,,,,,,,,,,,,,,,,,,,,,,,,
Diario Mar√≠n,Plan Camgal,https://diariomarin.com/sostenibilidad/plan-camgal/,2025-04-29T09:03:02,0,,,,,,,,,,,,,,,,,,,,,,,,,,,,,,,,,,,,,,,,,,,,,
Diario Mar√≠n,Mar√≠n recobra la luz de madrugada y los colegios se abren sin actividad ante el mayor apag√≥n de la historia de Espa√±a,https://diariomarin.com/marin/marin-recobra-la-luz-de-madrugada-y-los-colegios-se-abren-sin-actividad-ante-el-mayor-apagon-de-la-historia-de-espana/,2025-04-29T07:03:08,1,Ana,29 de abril de 2025 a las 1:53 pm,Muy buena informaci√≥n Muchas gracias,,,,,,,,,,,,,,,,,,,,,,,,,,,,,,,,,,,,,,,,,,
Diario Mar√≠n,Las bondades de mayo,https://diariomarin.com/opinion/las-bondades-de-mayo/,2025-04-29T05:30:00,0,,,,,,,,,,,,,,,,,,,,,,,,,,,,,,,,,,,,,,,,,,,,,
Diario Mar√≠n,"Roberto Novo Rey: ‚ÄúQuiero mantener los thrillers polic√≠acos, pero me gusta el tema b√©lico, sobre todo la Segunda Guerra Mundial‚Äù",https://diariomarin.com/cultura/roberto-novo-rey-quiero-mantener-los-thrillers-policiacos-pero-me-gusta-el-tema-belico-sobre-todo-la-segunda-guerra-mundial/,2025-04-29T05:00:00,0,,,,,,,,,,,,,,,,,,,,,,,,,,,,,,,,,,,,,,,,,,,,,
Diario Mar√≠n,"¬´Amores lejanos¬ª del Director de Cultura de DM, Juan Lada Vilari√±o, gana el Primer Premio Nacional Eulen",https://diariomarin.com/cultura/amores-lejanos-del-director-de-cultura-de-dm-juan-lada-vilarino-gana-el-primer-premio-nacional-eulen/,2025-04-29T03:30:00,0,,,,,,,,,,,,,,,,,,,,,,,,,,,,,,,,,,,,,,,,,,,,,
Diario Mar√≠n,La transformaci√≥n digital en el mercado laboral actual,https://diariomarin.com/economia-y-empresas/empleoformacion/la-transformacion-digital-en-el-mercado-laboral-actual/,2025-04-29T03:00:00,0,,,,,,,,,,,,,,,,,,,,,,,,,,,,,,,,,,,,,,,,,,,,,
Diario Mar√≠n,¬øC√≥mo fijar los precios a los servicios y art√≠culos?,https://diariomarin.com/economia-y-empresas/como-fijar-los-precios-a-los-servicios-y-articulos/,2025-04-29T02:00:00,0,,,,,,,,,,,,,,,,,,,,,,,,,,,,,,,,,,,,,,,,,,,,,
Diario Mar√≠n,Vi√±etas by Juan Lada,https://diariomarin.com/opinion/vineta/vinetas-by-juan-lada/,2025-04-29T02:00:00,0,,,,,,,,,,,,,,,,,,,,,,,,,,,,,,,,,,,,,,,,,,,,,
Diario Mar√≠n,Cantodarea celebra las fiestas de San Xos√©,https://diariomarin.com/marin/cantodarea-celebra-las-fiestas-de-san-xose/,2025-04-29T01:45:00,0,,,,,,,,,,,,,,,,,,,,,,,,,,,,,,,,,,,,,,,,,,,,,
Diario Mar√≠n,El d√≠a que Espa√±a se qued√≥ sin luz,https://diariomarin.com/opinion/editorial/el-dia-que-espana-se-quedo-sin-luz/,2025-04-29T01:30:00,0,,,,,,,,,,,,,,,,,,,,,,,,,,,,,,,,,,,,,,,,,,,,,
Diario Mar√≠n,Rutas Ciclistas: una por el Saln√©s,https://diariomarin.com/sostenibilidad/rutas-ciclistas-una-por-el-salnes/,2025-04-29T01:20:00,0,,,,,,,,,,,,,,,,,,,,,,,,,,,,,,,,,,,,,,,,,,,,,
Diario Mar√≠n,Se abre el plazo para los campamentos de verano,https://diariomarin.com/vida/se-abre-el-plazo-para-los-campamentos-de-verano/,2025-04-29T01:15:00,0,,,,,,,,,,,,,,,,,,,,,,,,,,,,,,,,,,,,,,,,,,,,,
Diario Mar√≠n,La Xunta ofrece ayudas a los concellos para habilitar puntos limpios,https://diariomarin.com/sostenibilidad/la-xunta-ofrece-ayudas-a-los-concellos-para-habilitar-puntos-limpios/,2025-04-29T01:05:00,0,,,,,,,,,,,,,,,,,,,,,,,,,,,,,,,,,,,,,,,,,,,,,
Diario Mar√≠n,Abierto el plazo de inscripci√≥n para ser miembro del `Salinas Club de Lectura‚Äô,https://diariomarin.com/cultura/abierto-el-plazo-de-inscripcion-para-ser-miembro-del-salinas-club-de-lectura/,2024-02-29T06:01:30,0,,,,,,,,,,,,,,,,,,,,,,,,,,,,,,,,,,,,,,,,,,,,,
Diario Mar√≠n,Diario Mar√≠n se pone en venta tras batir su propio r√©cord con 75.000 visitas y 27.000 usuarios √∫nicos,https://diariomarin.com/opinion/diario-marin-se-pone-en-venta-tras-batir-su-propio-record-con-75-000-visitas-y-27-000-usuarios-unicos/,2024-02-29T05:16:49,0,,,,,,,,,,,,,,,,,,,,,,,,,,,,,,,,,,,,,,,,,,,,,
Diario Mar√≠n,"V√≠ctor Manuel Gonz√°lez, director Campus Noroeste de la UNED: ¬´en extensi√≥n universitaria somos el mejor centro de Espa√±a con 30.000 alumnos matriculados¬ª",https://diariomarin.com/gente/victor-manuel-gonzalez-director-campus-noroeste-de-la-uned-en-extension-universitaria-somos-el-mejor-centro-de-espana-con-30-000-alumnos-matriculados/,2024-02-29T04:51:57,0,,,,,,,,,,,,,,,,,,,,,,,,,,,,,,,,,,,,,,,,,,,,,
Diario Mar√≠n,La IA para buscar empleo,https://diariomarin.com/economia-y-empresas/como-afectara-la-inteligencia-artificial-al-empleo/,2024-02-29T04:00:00,0,,,,,,,,,,,,,,,,,,,,,,,,,,,,,,,,,,,,,,,,,,,,,
Diario Mar√≠n,El Puerto de Mar√≠n recibe el primer carguero con propulsi√≥n de energ√≠a e√≥lica,https://diariomarin.com/economia-y-empresas/el-puerto-de-marin-recibe-el-primer-carguero-con-propulsion-de-energia-eolica/,2024-02-29T03:55:00,0,,,,,,,,,,,,,,,,,,,,,,,,,,,,,,,,,,,,,,,,,,,,,
Diario Mar√≠n,La alta concentraci√≥n de gas rad√≥n en la Escuela Naval de Mar√≠n exige medidas inmediatas,https://diariomarin.com/marin/la-alta-concentracion-de-gas-radon-en-la-escuela-naval-de-marin-exige-medidas-inmediatas/,2024-02-28T07:35:18,0,,,,,,,,,,,,,,,,,,,,,,,,,,,,,,,,,,,,,,,,,,,,,
Diario Mar√≠n,O BNG insta ao Concello a actuar ante a neglixencia na xesti√≥n da protecci√≥n animal,https://diariomarin.com/vida/o-bng-insta-ao-concello-a-actuar-ante-a-neglixencia-na-xestion-da-proteccion-animal/,2024-02-28T07:20:00,0,,,,,,,,,,,,,,,,,,,,,,,,,,,,,,,,,,,,,,,,,,,,,
Diario Mar√≠n,"InforPista, una herramienta para realizar reservas en la pista de tenis municial de San Pedro",https://diariomarin.com/vida/inforpista-una-herramienta-para-realizar-reservas-en-la-pista-de-tenis-municial-de-san-pedro/,2024-02-28T07:15:00,0,,,,,,,,,,,,,,,,,,,,,,,,,,,,,,,,,,,,,,,,,,,,,
Diario Mar√≠n,El valor del reskilling: El 70% de los profesionales senior parados de larga duraci√≥n consigui√≥ un nuevo empleo tras reciclarse,https://diariomarin.com/economia-y-empresas/el-valor-del-reskilling-el-70-de-los-profesionales-senior-parados-de-larga-duracion-consiguio-un-nuevo-empleo-tras-reciclarse/,2024-02-27T05:57:50,0,,,,,,,,,,,,,,,,,,,,,,,,,,,,,,,,,,,,,,,,,,,,,
Diario Mar√≠n,El ni√±o que se enfad√≥ con la muerte y c√≥mo sobrellevar el duelo,https://diariomarin.com/cultura/el-nino-que-se-enfado-con-la-muerte-y-como-sobrellevar-el-duelo/,2024-02-27T05:56:55,0,,,,,,,,,,,,,,,,,,,,,,,,,,,,,,,,,,,,,,,,,,,,,
Diario Mar√≠n,I Jornada sobre Enfermedades Raras en Mar√≠n,https://diariomarin.com/vida/salud/i-jornada-sobre-enfermedades-raras-en-marin/,2024-02-27T05:56:20,0,,,,,,,,,,,,,,,,,,,,,,,,,,,,,,,,,,,,,,,,,,,,,
Diario Mar√≠n,O Concello renovar√° o pavimento no entorno do CEIP do Carballal con una inversi√≥n de 58.500 euros,https://diariomarin.com/marin/o-concello-renovara-o-pavimento-no-entorno-do-ceip-do-carballal-con-una-inversion-de-58-500-euros/,2024-02-27T05:53:07,0,,,,,,,,,,,,,,,,,,,,,,,,,,,,,,,,,,,,,,,,,,,,,
Diario Mar√≠n,La Escuela Naval de Mar√≠n ofrece una sesi√≥n abierta de Comunicaci√≥n Digital y Redes Sociales a cargo de expertos institucionales,https://diariomarin.com/marin/la-escuela-naval-de-marin-ofrece-una-sesion-abierta-de-comunicacion-digital-y-redes-sociales-a-cargo-de-expertos-institucionales/,2024-02-27T05:50:13,0,,,,,,,,,,,,,,,,,,,,,,,,,,,,,,,,,,,,,,,,,,,,,
Diario Mar√≠n,"Eva Rom√°n: ¬´El coliving, un modelo de vivienda id√≥neo para n√≥madas digitales, investigadores y emprendedores, repunta en Galicia¬ª",https://diariomarin.com/economia-y-empresas/eva-roman-el-coliving-un-modelo-de-vivienda-idoneo-para-nomadas-digitales-investigadores-y-emprendedores-repunta-en-galicia/,2024-02-26T05:25:13,0,,,,,,,,,,,,,,,,,,,,,,,,,,,,,,,,,,,,,,,,,,,,,
Diario Mar√≠n,"La Xunta destina 130.000 euros a eliminar especies invasoras en C√≠es, Ons y Salvora",https://diariomarin.com/sostenibilidad/la-xunta-destina-130-000-euros-a-eliminar-especies-invasoras-en-cies-ons-y-salvora/,2024-02-26T05:23:27,0,,,,,,,,,,,,,,,,,,,,,,,,,,,,,,,,,,,,,,,,,,,,,
Diario Mar√≠n,"Contratos para 174 cient√≠ficos a los que Galicia destina 30,5 millones de euros",https://diariomarin.com/vida/contratos-para-174-cientificos-a-los-que-galicia-destina-305-millones-de-euros/,2024-02-26T04:00:00,0,,,,,,,,,,,,,,,,,,,,,,,,,,,,,,,,,,,,,,,,,,,,,
Diario Mar√≠n,Un paseo de domingo entre camelias: la floraci√≥n en el Pazo de la Saleta,https://diariomarin.com/sostenibilidad/un-paseo-de-domingo-entre-camelias-la-floracion-en-el-pazo-de-la-saleta/,2024-02-25T06:06:40,1,Tatiana,29 de febrero de 2024 a las 2:18 pm,Me ha encantado !!!!,,,,,,,,,,,,,,,,,,,,,,,,,,,,,,,,,,,,,,,,,,
Diario Mar√≠n,El Puerto de Mar√≠n dispara su crecimiento en un 38% frente al descenso de Ferrol que cae un 25%,https://diariomarin.com/economia-y-empresas/economiaempresas/el-puerto-de-marin-dispara-su-crecimiento-en-un-38-frente-al-descenso-de-ferrol-que-cae-un-25/,2024-02-25T05:45:00,0,,,,,,,,,,,,,,,,,,,,,,,,,,,,,,,,,,,,,,,,,,,,,
Diario Mar√≠n,VIII Premios Provinciais √° Xuventude de 36.000 euros,https://diariomarin.com/vida/viii-premios-provinciais-a-xuventude-de-36-000-euros/,2024-02-25T03:55:00,0,,,,,,,,,,,,,,,,,,,,,,,,,,,,,,,,,,,,,,,,,,,,,
Diario Mar√≠n,Dous mill√≥ns de euros para prestaci√≥n de servizos dixit√°is en 65 entidades locais,https://diariomarin.com/vida/tecnoloxia/dous-millons-de-euros-para-prestacion-de-servizos-dixitais-en-65-entidades-locais/,2024-02-24T16:30:00,0,,,,,,,,,,,,,,,,,,,,,,,,,,,,,,,,,,,,,,,,,,,,,
Diario Mar√≠n,"Os votantes do BNG en Mar√≠n crecen un 126% respecto ao voto das √∫ltimas a elecci√≥ns municipais, 76% auton√≥micas e 67% estatais",https://diariomarin.com/marin/os-votantes-do-bng-en-marin-crecen-un-126-desde-a-eleccions-municipais-76-autonomicas-e-67-estatais/,2024-02-24T07:01:51,0,,,,,,,,,,,,,,,,,,,,,,,,,,,,,,,,,,,,,,,,,,,,,
Diario Mar√≠n,Hacia el interior del cuerpo humano hoy en la Finca de Briz a las 11 horas,https://diariomarin.com/vida/hacia-el-interior-del-cuerpo-humano-hoy-en-la-finca-de-briz-a-las-11-horas/,2024-02-24T04:57:00,0,,,,,,,,,,,,,,,,,,,,,,,,,,,,,,,,,,,,,,,,,,,,,
Diario Mar√≠n,Mar√≠n honra as mulleres farmauc√©ticas a partir do 1 de marzo,https://diariomarin.com/gente/marin-honra-as-mulleres-farmauceticas-a-partir-do-1-de-marzo/,2024-02-24T04:55:00,0,,,,,,,,,,,,,,,,,,,,,,,,,,,,,,,,,,,,,,,,,,,,,
Diario Mar√≠n,El sector mar√≠timo-pesquero recoge 425 toneladas de basura en las costas gallegas durante 2020 y 2023,https://diariomarin.com/sostenibilidad/sostenibilidad-sostenibilidad/el-sector-maritimo-pesquero-recoge-425-toneladas-de-basura-en-las-costas-gallegas-durante-2020-y-2023/,2024-02-23T07:14:32,0,,,,,,,,,,,,,,,,,,,,,,,,,,,,,,,,,,,,,,,,,,,,,
Diario Mar√≠n,"Podcast, v√≠deos, xogos, murais, canci√≥ns, bailes, poemas‚Ä¶ a Rosal√≠a",https://diariomarin.com/cultura/podcast-videos-xogos-murais-cancions-bailes-poemas-a-rosalia/,2024-02-23T05:17:00,0,,,,,,,,,,,,,,,,,,,,,,,,,,,,,,,,,,,,,,,,,,,,,
Diario Mar√≠n,Axudas Plan + Xuventude para iniciativas colectivas xuven√≠s,https://diariomarin.com/vida/axudas-plan-xuventude-para-iniciativas-colectivas-xuvenis/,2024-02-23T05:00:00,0,,,,,,,,,,,,,,,,,,,,,,,,,,,,,,,,,,,,,,,,,,,,,
Diario Mar√≠n,Condena de tres a√±os y medio de prisi√≥n al hombre que acuchill√≥ a una mujer en Mar√≠n,https://diariomarin.com/gente/condena-de-tres-anos-y-medio-de-prision-al-hombre-que-acuchillo-a-una-mujer-en-marin/,2024-02-23T04:42:00,0,,,,,,,,,,,,,,,,,,,,,,,,,,,,,,,,,,,,,,,,,,,,,
Diario Mar√≠n,La obra del artista gallego V√≠ctor L√≥pez R√∫a en la embajada de M√©xico,https://diariomarin.com/cultura/la-obra-del-artista-gallego-victor-lopez-rua-en-la-embajada-de-mexico/,2024-02-22T04:50:42,1,Tatiana,22 de febrero de 2024 a las 11:03 am,Que orgullo!! Un gran artista üëèüëèüëèüëèüëèüëè,,,,,,,,,,,,,,,,,,,,,,,,,,,,,,,,,,,,,,,,,,
Diario Mar√≠n,As obras en Concepci√≥n Arenal arrancan esta semana,https://diariomarin.com/marin/marinparroquias/as-obras-en-concepcion-arenal-arrancan-esta-semana/,2024-02-22T04:00:00,0,,,,,,,,,,,,,,,,,,,,,,,,,,,,,,,,,,,,,,,,,,,,,
Diario Mar√≠n,La Asociaci√≥n de Comerciantes Praza de Abastos de Mar√≠n publica los premiados del Entroido 2024,https://diariomarin.com/vida/la-asociacion-de-comerciantes-praza-de-abastos-de-marin-publica-los-premiados-del-entroido-2024/,2024-02-22T03:55:00,0,,,,,,,,,,,,,,,,,,,,,,,,,,,,,,,,,,,,,,,,,,,,,
Diario Mar√≠n,"M√°s vivienda p√∫blica, empleo y mejor industria: los grandes retos del PP en su quinta legislatura al frente de la Xunta",https://diariomarin.com/economia-y-empresas/mas-vivienda-publica-empleo-y-mejor-industria-los-grandes-retos-del-pp-en-su-quinta-legislatura-al-frente-de-la-xunta/,2024-02-21T06:22:17,0,,,,,,,,,,,,,,,,,,,,,,,,,,,,,,,,,,,,,,,,,,,,,
Diario Mar√≠n,O Concello inicia as obras de reparaci√≥n urxente da EEI O Grupo cunha inversi√≥n de 40.000 euros,https://diariomarin.com/marin/o-concello-inicia-as-obras-de-reparacion-urxente-da-eei-o-grupo-cunha-inversion-de-40-000-euros/,2024-02-21T06:00:00,0,,,,,,,,,,,,,,,,,,,,,,,,,,,,,,,,,,,,,,,,,,,,,
Diario Mar√≠n,Se abre la temporada de pesca desde el pr√≥ximo 17 de marzo,https://diariomarin.com/economia-y-empresas/se-abre-la-temporada-de-pesca-desde-el-proximo-17-de-marzo/,2024-02-21T05:45:00,0,,,,,,,,,,,,,,,,,,,,,,,,,,,,,,,,,,,,,,,,,,,,,
Diario Mar√≠n,Mar√≠n homenajea el nacimiento de la poetisa  Rosal√≠a de Castro en la Biblioteca Vidal Pazos,https://diariomarin.com/cultura/libros/marin-homenajea-el-nacimiento-de-la-poetisa-rosalia-de-castro-en-la-biblioteca-vidal-pazos/,2024-02-20T06:23:54,0,,,,,,,,,,,,,,,,,,,,,,,,,,,,,,,,,,,,,,,,,,,,,
Diario Mar√≠n,Establecemento de normas e l√≠mites,https://diariomarin.com/vida/establecemento-de-normas-e-limites/,2024-02-20T06:00:00,0,,,,,,,,,,,,,,,,,,,,,,,,,,,,,,,,,,,,,,,,,,,,,
Diario Mar√≠n,"¬´As contas claras¬ª, o segundo m√≥dulo de APE Galicia e Concello",https://diariomarin.com/economia-y-empresas/as-contas-claras-o-segundo-modulo-de-ape-galicia-e-concello/,2024-02-20T05:47:00,0,,,,,,,,,,,,,,,,,,,,,,,,,,,,,,,,,,,,,,,,,,,,,
Diario Mar√≠n,Una segunda vida en √Åfrica del equipamiento escolar del CEIP Vidal Portela gracias a la UNED Pontevedra,https://diariomarin.com/sostenibilidad/una-segunda-vida-en-africa-del-equipamiento-escolar-del-ceip-vidal-portela-gracias-a-la-uned-pontevedra/,2024-02-20T05:30:00,0,,,,,,,,,,,,,,,,,,,,,,,,,,,,,,,,,,,,,,,,,,,,,
Diario Mar√≠n,El Parque Nacional das Illas Atl√°nticas abre 50 plazas de formaci√≥n para gu√≠a,https://diariomarin.com/economia-y-empresas/el-parque-nacional-das-illas-atlanticas-abre-50-plazas-de-formacion-para-guia/,2024-02-20T05:26:37,0,,,,,,,,,,,,,,,,,,,,,,,,,,,,,,,,,,,,,,,,,,,,,
Diario Mar√≠n,El voto marinense respalda a Rueda en la Xunta y a Ana Pont√≥n como l√≠der de la oposici√≥n con un BNG que en Mar√≠n ha doblado su electorado,https://diariomarin.com/marin/el-voto-marinense-respalda-a-rueda-en-la-xunta-y-a-ana-ponton-como-lider-de-la-oposicion-con-un-bng-que-en-marin-ha-doblado-su-electorado/,2024-02-19T05:32:39,0,,,,,,,,,,,,,,,,,,,,,,,,,,,,,,,,,,,,,,,,,,,,,
Diario Mar√≠n,Los marinenses salen a votar para elegir al ‚Äòpresidenciable‚Äô a la Xunta,https://diariomarin.com/marin/los-marinenses-salen-a-votar-para-elegir-al-presidenciable-a-la-xunta/,2024-02-18T08:37:32,0,,,,,,,,,,,,,,,,,,,,,,,,,,,,,,,,,,,,,,,,,,,,,
Diario Mar√≠n,Homenaje a los protagonistas del Villa de Pitanxo: familias y ausentes,https://diariomarin.com/marin/marinparroquias/la-despedida-de-los-protagonistas-del-villa-de-pitanxo-las-familias-y-los-ausentes/,2024-02-18T08:05:00,0,,,,,,,,,,,,,,,,,,,,,,,,,,,,,,,,,,,,,,,,,,,,,
Diario Mar√≠n,"Dese√±o gr√°fico e ciberseguridade, novas acci√≥ns SmartPeme",https://diariomarin.com/economia-y-empresas/deseno-grafico-e-ciberseguridade-novas-accions-smartpeme/,2024-02-18T08:00:00,0,,,,,,,,,,,,,,,,,,,,,,,,,,,,,,,,,,,,,,,,,,,,,
Diario Mar√≠n,"C√≥mo sacar mayor partido a LinkedIn: la red social que ‚Äòchiva‚Äô nuestras conexiones, contactos y trayectoria profesional",https://diariomarin.com/economia-y-empresas/como-sacar-mayor-partido-a-linkedin-la-red-social-que-chiva-nuestras-conexiones-contactos-y-trayectoria-profesional/,2024-02-17T07:56:44,0,,,,,,,,,,,,,,,,,,,,,,,,,,,,,,,,,,,,,,,,,,,,,
Diario Mar√≠n,"Los tres pilares en los que se asienta el voto del PP, PSOE y BNG para las Elecciones Auton√≥micas",https://diariomarin.com/marin/los-tres-pilares-en-los-que-se-asienta-el-voto-del-pp-psoe-y-bng-para-las-elecciones-autonomicas/,2024-02-16T04:15:53,0,,,,,,,,,,,,,,,,,,,,,,,,,,,,,,,,,,,,,,,,,,,,,
Diario Mar√≠n,"A camelia, flor dos galegos",https://diariomarin.com/marin/a-camelia-flor-dos-galegos/,2024-02-16T04:00:00,0,,,,,,,,,,,,,,,,,,,,,,,,,,,,,,,,,,,,,,,,,,,,,
Diario Mar√≠n,UNED Pontevedra aborda la violencia de g√©nero como trauma,https://diariomarin.com/vida/salud-mentalpsicologia/uned-pontevedra-aborda-la-violencia-de-genero-como-trauma/,2024-02-16T03:55:00,0,,,,,,,,,,,,,,,,,,,,,,,,,,,,,,,,,,,,,,,,,,,,,
Diario Mar√≠n,"Lois Dopazo, presidente del Ateneo Santa Cecilia: ¬´El Entierro de la Sardina de Mar√≠n, Fiesta de Inter√©s Tur√≠stico en Galicia, permitir√° conocer su distinci√≥n¬ª",https://diariomarin.com/marin/lois-dopazo-presidente-del-ateneo-santa-cecilia-el-entierro-de-la-sardina-de-marin-fiesta-de-interes-turistico-en-galicia-permitira-conocer-su-distincion/,2024-02-15T03:19:18,0,,,,,,,,,,,,,,,,,,,,,,,,,,,,,,,,,,,,,,,,,,,,,
Diario Mar√≠n,Estrela de Mar√≠n solicita medidas para solucionar os problemas de aparcamento,https://diariomarin.com/economia-y-empresas/estrela-de-marin-solicita-medidas-para-solucionar-os-problemas-de-aparcamento/,2024-02-15T01:00:00,0,,,,,,,,,,,,,,,,,,,,,,,,,,,,,,,,,,,,,,,,,,,,,
Diario Mar√≠n,"La Sociedad da Camelia inaugura hoy en Mar√≠n  ¬´A camelia, flor de gallegos¬ª",https://diariomarin.com/vida/habitos-saludables/la-sociedad-da-camelia-inaugura-hoy-en-marin-a-camelia-flor-de-gallegos/,2024-02-15T00:55:00,0,,,,,,,,,,,,,,,,,,,,,,,,,,,,,,,,,,,,,,,,,,,,,
Diario Mar√≠n,"La Autoridad Portuaria de la R√≠a de Mar√≠n y Pontevedra recicla el 82% de sus residuos, un total de 1.337 toneladas de residuos",https://diariomarin.com/sostenibilidad/la-autoridad-portuaria-de-la-ria-de-marin-y-pontevedra-recicla-el-82-de-sus-residuos-un-total-de-1-337-toneladas-de-residuos/,2024-02-15T00:45:00,0,,,,,,,,,,,,,,,,,,,,,,,,,,,,,,,,,,,,,,,,,,,,,
Diario Mar√≠n,"A comparsa, a familia entroideira que elixes",https://diariomarin.com/gente/a-comparsa-a-familia-entroideira-que-elixes/,2024-02-14T03:51:43,0,,,,,,,,,,,,,,,,,,,,,,,,,,,,,,,,,,,,,,,,,,,,,
Diario Mar√≠n,Velatorio de la sardina en el Palco de la M√∫sica de Mar√≠n desde las 17 horas,https://diariomarin.com/marin/velatorio-de-la-sardina-en-el-palco-de-la-musica-de-marin-desde-las-17-horas/,2024-02-14T03:10:00,0,,,,,,,,,,,,,,,,,,,,,,,,,,,,,,,,,,,,,,,,,,,,,
Diario Mar√≠n,Becas para estudiar en el extranjero,https://diariomarin.com/vida/becas-para-estudiar-en-el-extranjero/,2024-02-14T03:00:00,0,,,,,,,,,,,,,,,,,,,,,,,,,,,,,,,,,,,,,,,,,,,,,
Diario Mar√≠n,"El D√≠a de San Valent√≠n sirve para regalarse palabras, conversar y leer",https://diariomarin.com/cultura/el-dia-de-san-valentin-sirve-para-regalarse-palabras-conversar-y-leer/,2024-02-14T02:00:00,0,,,,,,,,,,,,,,,,,,,,,,,,,,,,,,,,,,,,,,,,,,,,,
Diario Mar√≠n,Vestidos de ceremonia rebajados en El Corte Ingl√©s por menos de 100 euros,https://diariomarin.com/vida/vestidos-de-ceremonia-rebajados-en-el-corte-ingles-por-menos-de-100-euros/,2024-02-13T11:59:02,0,,,,,,,,,,,,,,,,,,,,,,,,,,,,,,,,,,,,,,,,,,,,,
Diario Mar√≠n,"Esc√°ndalo en el Concello de Mar√≠n: el Espazo Emprendedor, sede de un conglomerado empresarial con 20 a√±os de antig√ºedad",https://diariomarin.com/economia-y-empresas/escandalo-en-el-concello-de-marin-el-espazo-emprendedor-sede-de-un-conglomerado-empresarial-con-20-anos-de-antiguedad/,2024-02-13T05:00:34,0,,,,,,,,,,,,,,,,,,,,,,,,,,,,,,,,,,,,,,,,,,,,,
Diario Mar√≠n,Concentraci√≥n solidaria en Mar√≠n en acto de denuncia por los asesinatos de Barbate,https://diariomarin.com/marin/concentracion-solidaria-en-marin-en-acto-de-denuncia-por-los-asesinatos-de-barbate/,2024-02-13T05:00:00,0,,,,,,,,,,,,,,,,,,,,,,,,,,,,,,,,,,,,,,,,,,,,,
Diario Mar√≠n,La Asociaci√≥n Cultural Amigos dos Rapaces celebra la Fiesta del Merengue,https://diariomarin.com/marin/la-asociacion-cultural-amigos-dos-rapaces-celebra-la-fiesta-del-merengue/,2024-02-13T04:55:00,0,,,,,,,,,,,,,,,,,,,,,,,,,,,,,,,,,,,,,,,,,,,,,
Diario Mar√≠n,"Mari Carmen V√°zquez, Cofrad√≠a de Louriz√°n: ¬´Necesitamos limpiar y sembrar en el cese de actividad para recuperar los bancos marisqueros¬ª",https://diariomarin.com/economia-y-empresas/economiaempresas/mari-carmen-vazquez-cofradia-de-lourizan-necesitamos-limpiar-y-sembrar-en-el-cese-de-actividad-para-recuperar-los-bancos-marisqueros/,2024-02-12T03:51:35,0,,,,,,,,,,,,,,,,,,,,,,,,,,,,,,,,,,,,,,,,,,,,,
Diario Mar√≠n,Los comerciantes de Mar√≠n se re√∫nen hoy con el Concello ante la estrategia de humanizar las calles,https://diariomarin.com/economia-y-empresas/los-comerciantes-de-marin-se-reunen-hoy-con-el-concello-ante-la-estrategia-de-humanizar-las-calles/,2024-02-12T03:30:00,0,,,,,,,,,,,,,,,,,,,,,,,,,,,,,,,,,,,,,,,,,,,,,
Diario Mar√≠n,Evento do BNG por un Mar√≠n m√°is sostible,https://diariomarin.com/marin/evento-do-bng-por-un-marin-mais-sostible/,2024-02-12T03:10:00,0,,,,,,,,,,,,,,,,,,,,,,,,,,,,,,,,,,,,,,,,,,,,,
Diario Mar√≠n,Os premiados no desfile do Entroido Mar√≠n 2024,https://diariomarin.com/gente/os-premiados-no-desfile-do-entroido-marin-2024/,2024-02-12T03:02:00,0,,,,,,,,,,,,,,,,,,,,,,,,,,,,,,,,,,,,,,,,,,,,,
Diario Mar√≠n,Leticia Blanco Atelier: la firma marinense que casa a las novias de medio mundo con inspiraci√≥n sostenible,https://diariomarin.com/sostenibilidad/leticia-blanco-atelier-la-firma-marinense-que-casa-a-las-novias-de-medio-mundo-con-inspiracion-sostenible/,2024-02-11T03:42:57,1,Tatiana,12 de febrero de 2024 a las 10:45 am,Un lujo de tener una dise√±adora tan buena en Mar√≠n!!!! Gracias por Informarnos üëèüëèüëèüëèüëè,,,,,,,,,,,,,,,,,,,,,,,,,,,,,,,,,,,,,,,,,,
Diario Mar√≠n,Galer√≠a fotogr√°fica del Desfile Infantil de Mar√≠n en una tarde soleada,https://diariomarin.com/marin/galeria-fotografica-del-desfile-infantil-de-marin-en-una-tarde-soleada/,2024-02-11T01:50:00,0,,,,,,,,,,,,,,,,,,,,,,,,,,,,,,,,,,,,,,,,,,,,,
Diario Mar√≠n,PSOE propone un deshumificador industrial para pabellones deportivos de Mar√≠n,https://diariomarin.com/marin/psoe-propone-un-deshumificador-industrial-para-pabellones-deportivos-de-marin/,2024-02-11T01:00:00,0,,,,,,,,,,,,,,,,,,,,,,,,,,,,,,,,,,,,,,,,,,,,,
Diario Mar√≠n,Mulleres nas ciencias,https://diariomarin.com/sostenibilidad/mulleres-nas-ciencias/,2024-02-10T14:30:00,0,,,,,,,,,,,,,,,,,,,,,,,,,,,,,,,,,,,,,,,,,,,,,
Diario Mar√≠n,"Airbn, comercializaci√≥n en li√±a de aloxamentos, acci√≥ns formativas en SmartPeme",https://diariomarin.com/vida/tecnoloxia/airbn-comercializacion-en-lina-de-aloxamentos-en-smartpeme/,2024-02-10T13:45:00,0,,,,,,,,,,,,,,,,,,,,,,,,,,,,,,,,,,,,,,,,,,,,,
Diario Mar√≠n,A Deputaci√≥n ampl√≠a ata o 15 de febreiro para reducir a fenda dixital entre maiores de 50 anos,https://diariomarin.com/vida/a-deputacion-amplia-ata-o-15-de-febreiro-para-reducir-a-fenda-dixital-entre-maiores-de-50-anos/,2024-02-10T09:00:00,0,,,,,,,,,,,,,,,,,,,,,,,,,,,,,,,,,,,,,,,,,,,,,
Diario Mar√≠n,"Los requisitos ‚Äòestrella‚Äô para aut√≥nomos, pymes, asociaciones para ser bendecidos por el ‚Äòman√°‚Äô de O GALP R√≠a de Pontevedra",https://diariomarin.com/economia-y-empresas/los-requisitos-estrella-para-autonomos-pymes-asociaciones-para-ser-bendecidos-por-el-mana-de-o-galp-ria-de-pontevedra/,2024-02-10T03:57:44,0,,,,,,,,,,,,,,,,,,,,,,,,,,,,,,,,,,,,,,,,,,,,,
Diario Mar√≠n,El Concello engorda el gasto p√∫blico por el ERTE de la piscina,https://diariomarin.com/economia-y-empresas/el-concello-engorda-el-gasto-publico-por-el-erte-de-la-piscina/,2024-02-10T03:27:00,0,,,,,,,,,,,,,,,,,,,,,,,,,,,,,,,,,,,,,,,,,,,,,
Diario Mar√≠n,BNG acusa de falta de transparencia en el gobierno municipal,https://diariomarin.com/marin/bng-acusa-de-falta-de-transparencia-en-el-gobierno-municipal/,2024-02-10T03:00:00,0,,,,,,,,,,,,,,,,,,,,,,,,,,,,,,,,,,,,,,,,,,,,,
Diario Mar√≠n,Manuel Pazos recrimina a Ramallo su silencio ante el deterioro de la sanidad en Mar√≠n,https://diariomarin.com/vida/manuel-pazos-recrimina-a-ramallo-su-silencio-ante-el-deterioro-de-la-sanidad-en-marin/,2024-02-10T02:55:00,0,,,,,,,,,,,,,,,,,,,,,,,,,,,,,,,,,,,,,,,,,,,,,
Diario Mar√≠n,La Diputaci√≥n de Pontevedra concedi√≥ 134.000 euros al Concello de Mar√≠n para contratar 14 desempleados,https://diariomarin.com/economia-y-empresas/la-diputacion-de-pontevedra-concede-134-000-euros-al-concello-de-marin-para-contratar-14-desempleados/,2024-02-09T17:13:00,0,,,,,,,,,,,,,,,,,,,,,,,,,,,,,,,,,,,,,,,,,,,,,
Diario Mar√≠n,Visitas abiertas al patrullero Tabarca el jueves 15 de febrero,https://diariomarin.com/vida/visitas-abiertas-al-patrullero-tabarca-el-jueves-15-de-febrero/,2024-02-09T17:00:00,0,,,,,,,,,,,,,,,,,,,,,,,,,,,,,,,,,,,,,,,,,,,,,
Diario Mar√≠n,Cambios en el Entroido de Mar√≠n por malas condiciones meteorol√≥gicas,https://diariomarin.com/marin/cambios-en-el-entroido-de-marin-por-malas-condiciones-meteorologicas/,2024-02-09T16:47:00,0,,,,,,,,,,,,,,,,,,,,,,,,,,,,,,,,,,,,,,,,,,,,,
Diario Mar√≠n,Hoxe acto electoral en Seixo por parte do BNG,https://diariomarin.com/marin/hoxe-acto-electoral-en-seixo-por-parte-do-bng/,2024-02-09T09:08:46,0,,,,,,,,,,,,,,,,,,,,,,,,,,,,,,,,,,,,,,,,,,,,,
Diario Mar√≠n,"Alas de poeta, luz de gallego: el IES Ram√≥n Cabanillas acoge la obra El Pazo de Louriz√°n",https://diariomarin.com/cultura/alas-de-poeta-luz-de-gallego-el-ies-ramon-cabanillas-acoge-la-obra-el-pazo-de-lourizan/,2024-02-09T08:44:17,0,,,,,,,,,,,,,,,,,,,,,,,,,,,,,,,,,,,,,,,,,,,,,
Diario Mar√≠n,Dos vacantes en pediatr√≠a sin cubrir por falta de pediatras y un nuevo psic√≥logo cl√≠nico en el Centro de Salud de Mar√≠n,https://diariomarin.com/vida/salud/dos-vacantes-en-pediatria-sin-cubrir-por-falta-de-pediatras-y-un-nuevo-psicologo-clinico-en-el-centro-de-salud-de-marin/,2024-02-09T05:52:12,0,,,,,,,,,,,,,,,,,,,,,,,,,,,,,,,,,,,,,,,,,,,,,
Diario Mar√≠n,Mar√≠n acoge hoy a las 11:30 en el Museo Torres una jornada de GALP R√≠a de Pontevedra,https://diariomarin.com/marin/marin-acoge-hoy-a-las-1130-en-el-museo-torres-una-jornada-de-galp-ria-de-pontevedra/,2024-02-09T05:10:00,0,,,,,,,,,,,,,,,,,,,,,,,,,,,,,,,,,,,,,,,,,,,,,
Diario Mar√≠n,"H√©ctor Entenza, quinta posici√≥n en el Torneo de Ajedrez de Moa√±a",https://diariomarin.com/gente/hector-entenza-quinta-posicion-en-el-torneo-de-ajedrez-de-moana/,2024-02-08T17:00:00,0,,,,,,,,,,,,,,,,,,,,,,,,,,,,,,,,,,,,,,,,,,,,,
Diario Mar√≠n,Un tercio de los espa√±oles no lee por falta de tiempo y preferencia por otro tipo de ocio,https://diariomarin.com/cultura/libros/un-tercio-de-los-espanoles-no-lee-por-falta-de-tiempo-y-preferencia-por-otro-tipo-de-ocio/,2024-02-08T05:20:00,0,,,,,,,,,,,,,,,,,,,,,,,,,,,,,,,,,,,,,,,,,,,,,
Diario Mar√≠n,"Elma Saiz, ministra de Seguridad Social: ¬´Las mariscadoras podr√°n compatibilizar el cese de actividad con los momentos de siembra¬ª",https://diariomarin.com/economia-y-empresas/elma-saiz-ministra-de-seguridad-social-las-mariscadoras-podran-compatibilizar-el-cese-de-actividad-con-los-momentos-de-siembra/,2024-02-08T04:17:51,0,,,,,,,,,,,,,,,,,,,,,,,,,,,,,,,,,,,,,,,,,,,,,
Diario Mar√≠n,O Concello de Pontevedra y Mar√≠n conectan unha v√°lvula para controlar o caudal,https://diariomarin.com/marin/o-concello-de-pontevedra-y-marin-conectan-unha-valvula-para-controlar-o-caudal/,2024-02-08T03:22:00,0,,,,,,,,,,,,,,,,,,,,,,,,,,,,,,,,,,,,,,,,,,,,,
Diario Mar√≠n,La dureza del trabajo de marisqueo exige m√°s derechos,https://diariomarin.com/opinion/la-dureza-del-trabajo-de-marisqueo-exige-mas-derechos/,2024-02-08T03:15:00,0,,,,,,,,,,,,,,,,,,,,,,,,,,,,,,,,,,,,,,,,,,,,,
Diario Mar√≠n,Se activa el Plan Inungal ante el riesgo de desbordamientos,https://diariomarin.com/marin/se-activa-el-plan-inungal-ante-el-riesgo-de-desbordamientos/,2024-02-08T03:00:00,0,,,,,,,,,,,,,,,,,,,,,,,,,,,,,,,,,,,,,,,,,,,,,
Diario Mar√≠n,Obradoiro de m√°scaras no Museo de Pontevedra para nenos,https://diariomarin.com/vida/obradoiro-de-mascaras-no-museo-de-pontevedra-para-nenos/,2024-02-07T06:41:46,0,,,,,,,,,,,,,,,,,,,,,,,,,,,,,,,,,,,,,,,,,,,,,
Diario Mar√≠n,Cristina Barreiro e Mara Fari√±a tinguen de maxia e cores das camelias o Museo Torres,https://diariomarin.com/gente/cristina-barreiro-e-mara-farina-tinguen-de-maxia-e-cores-das-camelias-o-museo-torres/,2024-02-07T06:33:19,0,,,,,,,,,,,,,,,,,,,,,,,,,,,,,,,,,,,,,,,,,,,,,
Diario Mar√≠n,"La ministra de Inclusi√≥n, Seguridad Social y migraciones, Elma Saiz, viene hoy a Mar√≠n",https://diariomarin.com/marin/la-ministra-de-inclusion-seguridad-social-y-migraciones-elma-saiz-viene-hoy-a-marin/,2024-02-07T04:18:37,0,,,,,,,,,,,,,,,,,,,,,,,,,,,,,,,,,,,,,,,,,,,,,
Diario Mar√≠n,La visita del conselleiro del Mar a Cabomar sirve para reivindicar un Perte digno y rebaja del IVA,https://diariomarin.com/economia-y-empresas/la-visita-del-conselleiro-del-mar-a-cabomar-sirve-para-reivindicar-un-perte-digno-y-rebaja-del-iva/,2024-02-07T04:01:15,0,,,,,,,,,,,,,,,,,,,,,,,,,,,,,,,,,,,,,,,,,,,,,
Diario Mar√≠n,Galicia apuesta por la gesti√≥n sostenible de los residuos,https://diariomarin.com/sostenibilidad/galicia-apuesta-por-la-gestion-sostenible-de-los-residuos/,2024-02-06T15:33:00,0,,,,,,,,,,,,,,,,,,,,,,,,,,,,,,,,,,,,,,,,,,,,,
Diario Mar√≠n,Renova electrodom√©sticos beneficiar√° a 14.000 hogares y 400 establecimientos,https://diariomarin.com/economia-y-empresas/renova-electrodomesticos-beneficiara-a-14-000-hogares-y-400-establecimientos/,2024-02-06T15:00:00,0,,,,,,,,,,,,,,,,,,,,,,,,,,,,,,,,,,,,,,,,,,,,,
Diario Mar√≠n,"Mar√≠n registra 1.327 parados en enero, la mayor√≠a mayores de 25 a√±os, el resto m√°s j√≥venes",https://diariomarin.com/economia-y-empresas/marin-registra-1-327-parados-en-enero-439-hombres-de-mas-de-25-anos-y-solo16-mujeres-desempleadas-en-esa-franja-de-edad/,2024-02-06T02:33:39,0,,,,,,,,,,,,,,,,,,,,,,,,,,,,,,,,,,,,,,,,,,,,,
Diario Mar√≠n,O BNG de Mar√≠n anima a veci√±anza a facer uso do voto por correo,https://diariomarin.com/marin/o-bng-de-marin-anima-a-vecinanza-a-facer-uso-do-voto-por-correo/,2024-02-06T02:00:00,0,,,,,,,,,,,,,,,,,,,,,,,,,,,,,,,,,,,,,,,,,,,,,
Diario Mar√≠n,A Xunta apoia a campa√±a do libro en galego co 20.000 escolmas de Rosal√≠a de Castro,https://diariomarin.com/cultura/a-xunta-apoia-a-campana-do-libro-en-galego-co-20-000-escolmas-de-rosalia-de-castro/,2024-02-06T01:00:00,0,,,,,,,,,,,,,,,,,,,,,,,,,,,,,,,,,,,,,,,,,,,,,
Diario Mar√≠n,M√∫ltiples actividades para disfrutar en el Entroido en Mar√≠n,https://diariomarin.com/marin/multiples-actividades-para-disfrutar-en-el-entroido-en-marin/,2024-02-06T00:42:00,0,,,,,,,,,,,,,,,,,,,,,,,,,,,,,,,,,,,,,,,,,,,,,
Diario Mar√≠n,Abierto el plazo para 1.540 ni√±os del campamento A Lanzada,https://diariomarin.com/vida/abierto-el-plazo-para-1-540-ninos-del-campamento-a-lanzada/,2024-02-05T23:45:00,0,,,,,,,,,,,,,,,,,,,,,,,,,,,,,,,,,,,,,,,,,,,,,
Diario Mar√≠n,Oferta de 3.000 plazas para trasladar a empleados p√∫blicos a su zona,https://diariomarin.com/economia-y-empresas/oferta-de-3-000-plazas-para-trasladar-a-empleados-publicos-a-su-zona/,2024-02-05T23:24:00,0,,,,,,,,,,,,,,,,,,,,,,,,,,,,,,,,,,,,,,,,,,,,,
Diario Mar√≠n,Comprometidos a ahorrar e invertir a largo plazo en el mes de cupido o buscamos una rentabilidad sin ataduras: ¬øamor o sexo?,https://diariomarin.com/economia-y-empresas/comprometidos-a-ahorrar-e-invertir-a-largo-plazo-en-el-mes-de-cupido-o-buscamos-una-rentabilidad-sin-ataduras-amor-o-sexo/,2024-02-05T03:39:29,0,,,,,,,,,,,,,,,,,,,,,,,,,,,,,,,,,,,,,,,,,,,,,
Diario Mar√≠n,"Los marinenses reciben con deportes, caminatas y celebraciones la llegada del sol",https://diariomarin.com/gente/los-marinenses-reciben-con-deportes-caminatas-y-celebraciones-la-llegada-del-sol/,2024-02-05T03:15:00,0,,,,,,,,,,,,,,,,,,,,,,,,,,,,,,,,,,,,,,,,,,,,,
Diario Mar√≠n,"¬°M√°s psic√≥logos cl√≠nicos, por favor!",https://diariomarin.com/opinion/mas-mas-psicologos-clinicos-por-favor/,2024-02-04T06:50:10,0,,,,,,,,,,,,,,,,,,,,,,,,,,,,,,,,,,,,,,,,,,,,,
Diario Mar√≠n,El pr√≥ximo fin de semana contin√∫an las pruebas para el Sergas,https://diariomarin.com/vida/salud/el-proximo-fin-de-semana-continuan-las-pruebas-para-el-sergas/,2024-02-04T06:33:35,0,,,,,,,,,,,,,,,,,,,,,,,,,,,,,,,,,,,,,,,,,,,,,
Diario Mar√≠n,Galicia es la cuarta comunidad aut√≥noma con m√°s humedales de importancia internacional,https://diariomarin.com/sostenibilidad/galicia-es-la-cuarta-comunidad-autonoma-con-mas-humedales-de-importancia-internacional/,2024-02-04T06:27:27,0,,,,,,,,,,,,,,,,,,,,,,,,,,,,,,,,,,,,,,,,,,,,,
Diario Mar√≠n,Audici√≥n para escoger bailarinas para el espect√°culo Dique,https://diariomarin.com/cultura/artes/audicion-para-escoger-bailarinas-para-el-espectaculo-dique/,2024-02-04T06:20:18,0,,,,,,,,,,,,,,,,,,,,,,,,,,,,,,,,,,,,,,,,,,,,,
Diario Mar√≠n,Las mejoras en sanidad p√∫blica del BNG abogan por un Plan de Choque e implantar otros profesionales sanitarios para reducir la lista m√©dica,https://diariomarin.com/marin/las-mejoras-en-sanidad-publica-del-bng-abogan-por-un-plan-de-choque-e-implantar-otros-profesionales-sanitarios-para-reducir-la-lista-medica/,2024-02-04T03:47:00,0,,,,,,,,,,,,,,,,,,,,,,,,,,,,,,,,,,,,,,,,,,,,,
Diario Mar√≠n,El PSOE exige paralizar las futuras obras en torno al Mercado,https://diariomarin.com/marin/el-psoe-exige-paralizar-las-futuras-obras-en-torno-al-mercado/,2024-02-04T03:46:00,1,Bea,12 de febrero de 2024 a las 11:48 pm,"Curiosa elecci√≥n de fotograf√≠as, ninguna de las calles a las que se refiere la reforma. A saber la entrada de la Plaza por Ej√©rcito y Marina/Secundino Lorenzo y del Paseo de A Lameiri√±a y su fuente",,,,,,,,,,,,,,,,,,,,,,,,,,,,,,,,,,,,,,,,,,
Diario Mar√≠n,Nueva temporada: el retorno de las hombreras,https://diariomarin.com/vida/nueva-temporada-el-retorno-de-las-hombreras/,2024-02-04T03:30:00,0,,,,,,,,,,,,,,,,,,,,,,,,,,,,,,,,,,,,,,,,,,,,,
Diario Mar√≠n,C√≥mo crear plan de empresa y newsletter en SmartPeme,https://diariomarin.com/economia-y-empresas/como-crear-plan-de-empresa-y-newsletter-en-smartpeme/,2024-02-04T02:45:00,0,,,,,,,,,,,,,,,,,,,,,,,,,,,,,,,,,,,,,,,,,,,,,
Diario Mar√≠n,GALP abre la ayuda de hasta 200.000 euros y ofrece jornadas formativas en Mea√±o y Poio,https://diariomarin.com/economia-y-empresas/galp-abre-la-ayuda-de-hasta-200-000-euros-y-ofrece-jornadas-formativas-en-meano-y-poio/,2024-02-03T07:02:34,0,,,,,,,,,,,,,,,,,,,,,,,,,,,,,,,,,,,,,,,,,,,,,
Diario Mar√≠n,"Lectura, pintura, teatro, patchwork, arte floral: obradoiros de +Xuntas",https://diariomarin.com/cultura/lectura-pintura-teatro-patchwork-arte-floral-obradoiros-de-xuntas/,2024-02-03T06:59:48,0,,,,,,,,,,,,,,,,,,,,,,,,,,,,,,,,,,,,,,,,,,,,,
Diario Mar√≠n,O festival de inverno do Club in Mare cumpre 10 anos,https://diariomarin.com/vida/o-festival-de-inverno-do-club-in-mare-cumpre-10-anos/,2024-02-03T06:55:00,0,,,,,,,,,,,,,,,,,,,,,,,,,,,,,,,,,,,,,,,,,,,,,
Diario Mar√≠n,460.000 a promover a igualdade e loitar contra a violencia de x√©nero,https://diariomarin.com/vida/460-000-a-promover-a-igualdade-e-loitar-contra-a-violencia-de-xenero/,2024-02-03T06:48:01,0,,,,,,,,,,,,,,,,,,,,,,,,,,,,,,,,,,,,,,,,,,,,,
Diario Mar√≠n,Rematadas as obras de mellora do cami√±o que une Cas√°s coa praia da Covi√±a,https://diariomarin.com/marin/rematadas-as-obras-de-mellora-do-camino-que-une-casas-coa-praia-da-covina/,2024-02-03T06:06:00,0,,,,,,,,,,,,,,,,,,,,,,,,,,,,,,,,,,,,,,,,,,,,,
Diario Mar√≠n,"Vigilancias Culturales: huracanes en Netflix, podcast de Grandes Infelices y un cuento de Bergareche",https://diariomarin.com/cultura/vigilancias-culturales-huracanes-en-netflix-podcast-de-grandes-infelices-y-un-cuento-de-bergareche/,2024-02-02T03:55:58,0,,,,,,,,,,,,,,,,,,,,,,,,,,,,,,,,,,,,,,,,,,,,,
Diario Mar√≠n,Defensa de la Sanidad P√∫blica del BNG en el Centro de Salud,https://diariomarin.com/vida/salud/defensa-de-la-sanidad-publica-del-bng-en-el-centro-de-salud/,2024-02-02T03:26:00,0,,,,,,,,,,,,,,,,,,,,,,,,,,,,,,,,,,,,,,,,,,,,,
Diario Mar√≠n,La piscina reabre portas en marzo,https://diariomarin.com/marin/la-piscina-reabre-portas-en-marzo/,2024-02-02T03:25:00,0,,,,,,,,,,,,,,,,,,,,,,,,,,,,,,,,,,,,,,,,,,,,,
Diario Mar√≠n,Pintando emociones con m√∫sica y vino en C√©ltica el pr√≥ximo 17 de febrero,https://diariomarin.com/cultura/pintando-emociones-con-musica-y-vino-en-celtica-el-proximo-17-de-febrero/,2024-02-02T03:14:00,0,,,,,,,,,,,,,,,,,,,,,,,,,,,,,,,,,,,,,,,,,,,,,
Diario Mar√≠n,Formaci√≥n para tr√°mites b√°sicos a pemes e aut√≥nomos a partir do 7 de febreiro,https://diariomarin.com/economia-y-empresas/formacion-para-tramites-basicos-a-pemes-e-autonomos-a-partir-do-7-de-febreiro/,2024-02-02T03:04:00,0,,,,,,,,,,,,,,,,,,,,,,,,,,,,,,,,,,,,,,,,,,,,,
Diario Mar√≠n,"El informe pericial del Pitanxo aduce error humano, escasa preparaci√≥n en emergencias y condiciones mar√≠timas adversas",https://diariomarin.com/marin/el-informe-pericial-del-pitanxo-aduce-error-humano-escasa-preparacion-en-emergencias-y-condiciones-maritimas-adversas/,2024-02-01T05:12:36,0,,,,,,,,,,,,,,,,,,,,,,,,,,,,,,,,,,,,,,,,,,,,,
Diario Mar√≠n,O BNG insta a retirada dun poste telef√≥nico na r√∫a nova,https://diariomarin.com/marin/o-bng-insta-a-retirada-dun-poste-telefonico-na-rua-nova/,2024-02-01T04:15:00,0,,,,,,,,,,,,,,,,,,,,,,,,,,,,,,,,,,,,,,,,,,,,,
Diario Mar√≠n,Concurso de cortos en Mar√≠n para celebrar el I Certamen del 20 al 26 de mayo,https://diariomarin.com/cultura/concurso-de-cortos-en-marin-para-celebrar-el-i-certamen-del-20-al-26-de-mayo/,2024-02-01T04:00:00,0,,,,,,,,,,,,,,,,,,,,,,,,,,,,,,,,,,,,,,,,,,,,,
Diario Mar√≠n,"130 plazas para visitar C√≠es, Ons, S√°lvora y Cortegada",https://diariomarin.com/sostenibilidad/130-plazas-para-visitar-cies-ons-salvora-y-cortegada/,2024-02-01T03:45:00,0,,,,,,,,,,,,,,,,,,,,,,,,,,,,,,,,,,,,,,,,,,,,,
Diario Mar√≠n,Diario Mar√≠n alcanza las 61.000 visitas al cierre de enero y consigue 22.000 usuarios √∫nicos,https://diariomarin.com/opinion/diario-marin-alcanza-las-61-000-visitas-al-cierre-de-enero-y-consigue-22-000-usuarios-unicos/,2024-01-31T03:55:02,0,,,,,,,,,,,,,,,,,,,,,,,,,,,,,,,,,,,,,,,,,,,,,
Diario Mar√≠n,Plan de formaci√≥n en idiomas para el sector turismo con mil plazas,https://diariomarin.com/economia-y-empresas/plan-de-formacion-en-idiomas-para-el-sector-turismo-con-mil-plazas/,2024-01-31T03:35:00,0,,,,,,,,,,,,,,,,,,,,,,,,,,,,,,,,,,,,,,,,,,,,,
Diario Mar√≠n,O Concello reforma integralmente o patio da Gali√±a Azul de San Pedro,https://diariomarin.com/marin/o-concello-reforma-integralmente-o-patio-da-galina-azul-de-san-pedro/,2024-01-31T03:30:00,0,,,,,,,,,,,,,,,,,,,,,,,,,,,,,,,,,,,,,,,,,,,,,
Diario Mar√≠n,El sueldo pesa mucho a la hora de elegir un puesto de trabajo pero mejor si va acompa√±ado de salario emocional,https://diariomarin.com/economia-y-empresas/el-sueldo-pesa-mucho-a-la-hora-de-elegir-un-puesto-de-trabajo-pero-mejor-si-va-acompanado-de-salario-emocional/,2024-01-30T06:39:26,0,,,,,,,,,,,,,,,,,,,,,,,,,,,,,,,,,,,,,,,,,,,,,
Diario Mar√≠n,BNG recolle casi 500 sinaturas para salvar o edificio Baladr√≥n,https://diariomarin.com/cultura/bng-recolle-casi-500-sinaturas-para-salvar-o-edificio-baladron/,2024-01-30T05:45:00,0,,,,,,,,,,,,,,,,,,,,,,,,,,,,,,,,,,,,,,,,,,,,,
Diario Mar√≠n,O Concello reparte 11.000 euros no Entroido,https://diariomarin.com/marin/marinparroquias/o-concello-reparte-11-000-euros-no-entroido/,2024-01-30T05:30:00,0,,,,,,,,,,,,,,,,,,,,,,,,,,,,,,,,,,,,,,,,,,,,,
Diario Mar√≠n,Formaci√≥n dixital a personas de m√°is de 65 anos para desenvolverse coa App do Sergas e o m√≥bil,https://diariomarin.com/vida/tecnoloxia/formacion-dixital-a-personas-de-mais-de-65-anos-para-desenvolverse-coa-app-do-sergas-e-o-mobil/,2024-01-30T04:30:00,0,,,,,,,,,,,,,,,,,,,,,,,,,,,,,,,,,,,,,,,,,,,,,
Diario Mar√≠n,"El Club Deportivo La Pe√±a, campe√≥n de categor√≠a infantil femenina en la Liga Gallega Sur",https://diariomarin.com/vida/deportes-danza/el-club-deportivo-la-pena-campeon-de-categoria-infantil-femenina-en-la-liga-gallega-sur/,2024-01-30T04:00:00,0,,,,,,,,,,,,,,,,,,,,,,,,,,,,,,,,,,,,,,,,,,,,,
Diario Mar√≠n,"Antonio S√°nchez, director de desarrollo de GBTEC, el software made in Galicia: ¬´los programadores gallegos son igual de buenos que los alemanes¬ª",https://diariomarin.com/economia-y-empresas/antonio-sanchez-director-de-desarrollo-de-gbtec-el-software-made-in-galicia-los-programadores-gallegos-son-igual-de-buenos-que-los-alemanes/,2024-01-29T06:13:41,0,,,,,,,,,,,,,,,,,,,,,,,,,,,,,,,,,,,,,,,,,,,,,
Diario Mar√≠n,"Silvia Alonso, AlmaLibre, presenta la moda de primavera: ¬´Decid√≠ arriesgar con el apoyo de los m√≠os¬ª",https://diariomarin.com/vida/silvia-alonso-almalibre-presenta-la-moda-de-primavera-decidi-arriesgar-con-el-apoyo-de-los-mios/,2024-01-29T05:00:10,0,,,,,,,,,,,,,,,,,,,,,,,,,,,,,,,,,,,,,,,,,,,,,
Diario Mar√≠n,As novas acci√≥ns formativas do SmartPeme,https://diariomarin.com/vida/tecnoloxia/as-novas-accions-formativas-do-smartpeme/,2024-01-29T04:30:00,0,,,,,,,,,,,,,,,,,,,,,,,,,,,,,,,,,,,,,,,,,,,,,
Diario Mar√≠n,A Deputaci√≥n abre hoxe luns o prazo para inscribirse na segunda ruta ornitol√≥gica polo Estuario do r√≠o L√©rez e Combarro-Lourido,https://diariomarin.com/sostenibilidad/a-deputacion-abre-hoxe-luns-o-prazo-para-inscribirse-na-segunda-ruta-ornitologica-polo-estuario-do-rio-lerez-e-combarro-lourido/,2024-01-29T03:40:00,0,,,,,,,,,,,,,,,,,,,,,,,,,,,,,,,,,,,,,,,,,,,,,
Diario Mar√≠n,A veci√±anza acode ao Concello para abordar el abastecemento para Vistalegre-Coirados,https://diariomarin.com/gente/a-vecinanza-acode-ao-concello-para-abordar-el-abastecemento-para-vistalegre-coirados/,2024-01-28T06:30:31,0,,,,,,,,,,,,,,,,,,,,,,,,,,,,,,,,,,,,,,,,,,,,,
Diario Mar√≠n,"Mu√≠√±os das Laxes y Loira, lugares para conectar con la naturaleza",https://diariomarin.com/sostenibilidad/muinos-das-laxes-y-loira-lugares-para-conectar-con-la-naturaleza/,2024-01-28T06:07:10,1,Tatiana Riego,30 de enero de 2024 a las 11:18 am,Maravilloso reportaje!!! Deseando ir,,,,,,,,,,,,,,,,,,,,,,,,,,,,,,,,,,,,,,,,,,
Diario Mar√≠n,A Deputaci√≥n abre este luns o prazo para participar no programa Provincia Activa,https://diariomarin.com/vida/a-deputacion-abre-este-luns-o-prazo-para-participar-no-programa-provincia-activa/,2024-01-28T06:03:00,0,,,,,,,,,,,,,,,,,,,,,,,,,,,,,,,,,,,,,,,,,,,,,
Diario Mar√≠n,Concurso Balbino de Relatos en galego 2024,https://diariomarin.com/cultura/concurso-balbino-de-relatos-en-galego-2024/,2024-01-28T06:01:07,0,,,,,,,,,,,,,,,,,,,,,,,,,,,,,,,,,,,,,,,,,,,,,
Diario Mar√≠n,"Acemas, la Asociaci√≥n de Comerciantes Mar√≠n Sur, organiza la XIII Carreira do Truco",https://diariomarin.com/vida/acemas-la-asociacion-de-comerciantes-marin-sur-organiza-la-xiii-carreira-do-truco/,2024-01-28T04:00:00,0,,,,,,,,,,,,,,,,,,,,,,,,,,,,,,,,,,,,,,,,,,,,,
Diario Mar√≠n,BNG de Mar√≠n re√∫ne aos seus simpatizantes para as novas elecci√≥ns,https://diariomarin.com/marin/bng-de-marin-reune-aos-seus-simpatizantes-para-as-novas-eleccions/,2024-01-28T03:38:00,0,,,,,,,,,,,,,,,,,,,,,,,,,,,,,,,,,,,,,,,,,,,,,
Diario Mar√≠n,Instituciones y empresas m√°s preocupadas por sus mujeres trabajadoras,https://diariomarin.com/opinion/instituciones-y-empresas-mas-preocupadas-por-sus-mujeres-trabajadoras/,2024-01-27T06:59:20,0,,,,,,,,,,,,,,,,,,,,,,,,,,,,,,,,,,,,,,,,,,,,,
Diario Mar√≠n,"Marcela Barsce Compagnucci: ¬´No caso de pacientes oncol√≥xicos, ficar quedos nunca deber√≠a ser unha opci√≥n¬ª",https://diariomarin.com/vida/habitos-saludables/marcela-barsce-compagnucci-no-caso-de-pacientes-oncoloxicos-ficar-quedos-nunca-deberia-ser-unha-opcion/,2024-01-27T05:15:56,2,Mvmv,27 de enero de 2024 a las 4:38 pm,La mejor!,Cristina Corral,28 de enero de 2024 a las 2:55 am,Gracias por leernos y por tu comentario üôÇ,,,,,,,,,,,,,,,,,,,,,,,,,,,,,,,,,,,,,,,
Diario Mar√≠n,"La empleada del CSIC, residente en Bueu, desaparecida en el mar, denunci√≥ acoso en el Juzgado de Mar√≠n",https://diariomarin.com/gente/la-empleada-del-csic-residente-en-bueu-desaparecida-en-el-mar-denuncio-acoso-en-el-juzgado-de-marin/,2024-01-27T04:47:16,0,,,,,,,,,,,,,,,,,,,,,,,,,,,,,,,,,,,,,,,,,,,,,
Diario Mar√≠n,Mar√≠n en rede acaba 2023 con 63 novas altas,https://diariomarin.com/economia-y-empresas/marin-en-rede-acaba-2023-con-63-novas-altas/,2024-01-27T03:30:00,0,,,,,,,,,,,,,,,,,,,,,,,,,,,,,,,,,,,,,,,,,,,,,
Diario Mar√≠n,El PSOE califica de ¬´il√≥gica¬ª y ¬´chapuza¬ª la obra de la acera anexa a la Escuela Naval,https://diariomarin.com/marin/el-psoe-califica-de-ilogica-y-chapuza-la-obra-de-la-acera-anexa-a-la-escuela-naval/,2024-01-27T03:25:00,1,Lucia Calvar Pazos,27 de enero de 2024 a las 7:02 pm,CHAPUZA . Adem√°s una que nadie usa porque tanto los usuarios del parking como los del paseo utilizan la explanada para acceder tanto a unos como al otro‚Ä¶ Adem√°s han hecho ¬´un apa√±o marrullero¬ª cortando el pavimento para crear un desag√ºe para las aguas pluviales ya que anteriormente se concentraban en la explanada creando balsas.,,,,,,,,,,,,,,,,,,,,,,,,,,,,,,,,,,,,,,,,,,
Diario Mar√≠n,"El 27 de enero se conmemora el 25 aniversario de la muerte de Ballester, cuyos veranos pas√≥ en Bueu e inspir√≥ ¬´Los gozos y las sombras¬ª",https://diariomarin.com/cultura/el-27-de-enero-se-conmemora-el-25-aniversario-de-la-muerte-de-ballester-cuyos-veranos-paso-en-bueu-e-inspiro-los-gozos-y-las-sombras/,2024-01-27T03:15:00,0,,,,,,,,,,,,,,,,,,,,,,,,,,,,,,,,,,,,,,,,,,,,,
Diario Mar√≠n,"El tr√°fico del Puerto de Mar√≠n se mantiene en 2023 en 2,1 millones toneladas gracias a la exportaci√≥n de pasta de papel",https://diariomarin.com/economia-y-empresas/el-trafico-del-puerto-de-marin-se-mantiene-en-2023-en-21-millones-toneladas-gracias-a-la-exportacion-de-pasta-de-papel/,2024-01-26T06:07:12,0,,,,,,,,,,,,,,,,,,,,,,,,,,,,,,,,,,,,,,,,,,,,,
Diario Mar√≠n,O Concello sortea as 72 hortas urbanas,https://diariomarin.com/sostenibilidad/o-concello-sortea-as-72-hortas-urbanas/,2024-01-26T06:06:04,0,,,,,,,,,,,,,,,,,,,,,,,,,,,,,,,,,,,,,,,,,,,,,
Diario Mar√≠n,Clausura del curso de musicoterapia de la Diputaci√≥n de Pontevedra,https://diariomarin.com/vida/habitos-saludables/clausura-del-curso-de-musicoterapia-de-la-diputacion-de-pontevedra/,2024-01-26T03:17:00,0,,,,,,,,,,,,,,,,,,,,,,,,,,,,,,,,,,,,,,,,,,,,,
Diario Mar√≠n,El voto de Mar√≠n en las √∫ltimas elecciones generales,https://diariomarin.com/opinion/el-voto-de-marin-en-las-ultimas-elecciones-generales/,2024-01-25T08:15:42,0,,,,,,,,,,,,,,,,,,,,,,,,,,,,,,,,,,,,,,,,,,,,,
Diario Mar√≠n,Los destrozos de los temporales en el rural de Mar√≠n siguen sin arreglar,https://diariomarin.com/sostenibilidad/los-destrozos-de-los-temporales-en-el-rural-de-marin-siguen-sin-arreglar/,2024-01-25T05:00:52,0,,,,,,,,,,,,,,,,,,,,,,,,,,,,,,,,,,,,,,,,,,,,,
Diario Mar√≠n,"A realidade virtual, protagonista da nova Oficina de Turismo de Mar√≠n no Auditorio",https://diariomarin.com/marin/a-realidade-virtual-protagonista-da-nova-oficina-de-turismo-de-marin-no-auditorio/,2024-01-25T04:02:00,0,,,,,,,,,,,,,,,,,,,,,,,,,,,,,,,,,,,,,,,,,,,,,
Diario Mar√≠n,"O logro de BNG: a Torre do Reloxo, e a sensatez do consistorio",https://diariomarin.com/cultura/o-logro-de-bng-a-torre-do-reloxo-e-a-sensatez-do-consistorio/,2024-01-25T03:45:00,0,,,,,,,,,,,,,,,,,,,,,,,,,,,,,,,,,,,,,,,,,,,,,
Diario Mar√≠n,Arranca la colocaci√≥n de 1.242 puntos naranja contra el acoso escolar en centros gallegos,https://diariomarin.com/vida/arranca-la-colocacion-de-1-242-puntos-naranja-contra-el-acoso-escolar-en-centros-gallegos/,2024-01-25T03:30:00,0,,,,,,,,,,,,,,,,,,,,,,,,,,,,,,,,,,,,,,,,,,,,,
Diario Mar√≠n,Aberto o prazo para que os concellos de menos de 20.000 habitantes soliciten axudas sociais,https://diariomarin.com/vida/aberto-o-prazo-para-que-os-concellos-de-menos-de-20-000-habitantes-soliciten-axudas-sociales/,2024-01-25T03:00:00,0,,,,,,,,,,,,,,,,,,,,,,,,,,,,,,,,,,,,,,,,,,,,,
Diario Mar√≠n,C√≥mo vestirse para una entrevista de trabajo: evitar prendas con las que no se sienta c√≥modo,https://diariomarin.com/economia-y-empresas/como-vestirse-para-una-entrevista-de-trabajo-evitar-prendas-con-las-que-no-se-sienta-comodo/,2024-01-24T05:09:09,0,,,,,,,,,,,,,,,,,,,,,,,,,,,,,,,,,,,,,,,,,,,,,
Diario Mar√≠n,"Comezan as obras en Rep√∫blica Arxentina, Inferni√±o e R√∫a Quevedo",https://diariomarin.com/marin/comezan-as-obras-en-republica-arxentina-infernino-e-rua-quevedo/,2024-01-24T05:07:57,0,,,,,,,,,,,,,,,,,,,,,,,,,,,,,,,,,,,,,,,,,,,,,
Diario Mar√≠n,O Concello homenaxea as farmace√∫ticas marinenses neste 8 de marzo,https://diariomarin.com/gente/o-concello-homenaxea-as-farmaceuticas-marinenses-neste-8-de-marzo/,2024-01-24T05:00:59,0,,,,,,,,,,,,,,,,,,,,,,,,,,,,,,,,,,,,,,,,,,,,,
Diario Mar√≠n,Diez pa√±uelos primaverales y tres bufandas para aprovechar las rebajas de Bimba y Lola,https://diariomarin.com/vida/diez-panuelos-primaverales-y-tres-bufandas-para-aprovechar-las-rebajas-de-bimba-y-lola/,2024-01-23T15:00:00,0,,,,,,,,,,,,,,,,,,,,,,,,,,,,,,,,,,,,,,,,,,,,,
Diario Mar√≠n,Todo listo para la precampa√±a electoral a la presidencia de la Xunta: la petici√≥n del voto por correo hasta el 8 de febrero,https://diariomarin.com/opinion/todo-listo-para-la-precampana-electoral-a-la-presidencia-de-la-xunta-la-peticion-del-voto-por-correo-hasta-el-8-de-febrero/,2024-01-23T05:33:37,0,,,,,,,,,,,,,,,,,,,,,,,,,,,,,,,,,,,,,,,,,,,,,
Diario Mar√≠n,O Concello de Mar√≠n lanza o programa do Entroido 2024 que comeza o vindeiro venres 9 de febreiro,https://diariomarin.com/marin/o-concello-de-marin-lanza-o-programa-do-entroido-2024-que-comeza-o-vindeiro-venres-9-de-febreiro/,2024-01-23T04:15:55,0,,,,,,,,,,,,,,,,,,,,,,,,,,,,,,,,,,,,,,,,,,,,,
Diario Mar√≠n,Arrinca a tempada dos furancheiros,https://diariomarin.com/gente/arrinca-a-tempada-dos-furancheros/,2024-01-23T02:31:00,0,,,,,,,,,,,,,,,,,,,,,,,,,,,,,,,,,,,,,,,,,,,,,
Diario Mar√≠n,BNG convoca a unha asemblea aberta para construir o futuro,https://diariomarin.com/marin/marinparroquias/bng-convoca-a-unha-asemblea-aberta-para-construir-o-futuro/,2024-01-23T02:20:00,0,,,,,,,,,,,,,,,,,,,,,,,,,,,,,,,,,,,,,,,,,,,,,
Diario Mar√≠n,Tres medallas por equipos y otras tres individuales para el CD PINARIUM,https://diariomarin.com/vida/tres-medallas-por-equipos-y-otras-tres-individuales-para-el-cd-pinarium/,2024-01-22T13:09:00,0,,,,,,,,,,,,,,,,,,,,,,,,,,,,,,,,,,,,,,,,,,,,,
Diario Mar√≠n,"Cada a√±o son cazadas ilegalmente 25 millones de aves, seg√∫n SEO Birdlife",https://diariomarin.com/sostenibilidad/cada-ano-son-cazadas-ilegalmente-25-millones-de-aves-segun-seo-birdlife/,2024-01-22T07:05:50,0,,,,,,,,,,,,,,,,,,,,,,,,,,,,,,,,,,,,,,,,,,,,,
Diario Mar√≠n,El amor en tiempos de Tinder con cautela: un manual de avisos para el d√≠a de los enamorados,https://diariomarin.com/cultura/el-amor-en-tiempos-de-tinder-con-cautela-un-manual-de-avisos-para-el-dia-de-los-enamorados/,2024-01-22T06:49:47,0,,,,,,,,,,,,,,,,,,,,,,,,,,,,,,,,,,,,,,,,,,,,,
Diario Mar√≠n,"El Carnaval Gallego y Entierro de la Sardina en Mar√≠n, Bien de Inter√©s Cultural",https://diariomarin.com/marin/el-carnaval-gallego-y-entierro-de-la-sardina-en-marin-bien-de-interes-cultural/,2024-01-22T05:33:59,0,,,,,,,,,,,,,,,,,,,,,,,,,,,,,,,,,,,,,,,,,,,,,
Diario Mar√≠n,Prop√≥sitos 2024: ahorrar para mejorar el bienestar financiero,https://diariomarin.com/economia-y-empresas/propositos-2024-ahorrar-para-mejorar-el-bienestar-financiero/,2024-01-22T05:20:00,0,,,,,,,,,,,,,,,,,,,,,,,,,,,,,,,,,,,,,,,,,,,,,
Diario Mar√≠n,Alojamientos singulares para visitar Mar√≠n y su entroido,https://diariomarin.com/vida/alojamientos-singulares-para-visitar-marin-y-su-entroido/,2024-01-22T04:30:00,0,,,,,,,,,,,,,,,,,,,,,,,,,,,,,,,,,,,,,,,,,,,,,
Diario Mar√≠n,√öltima convocatoria de ayudas para digitalizar las pymes en Galicia,https://diariomarin.com/economia-y-empresas/economiaempresas/ultima-convocatoria-de-ayudas-para-digitalizar-las-pymes-en-galicia/,2024-01-22T03:55:00,0,,,,,,,,,,,,,,,,,,,,,,,,,,,,,,,,,,,,,,,,,,,,,
Diario Mar√≠n,"El Concello de Mar√≠n presenta irregularidades en 462 facturas por importe de 720.000 euros, seg√∫n Intervenci√≥n y denuncia del PSOE Mar√≠n",https://diariomarin.com/marin/el-concello-de-marin-presenta-irregularidades-en-462-facturas-por-importe-de-720-000-euros-segun-intervencion-y-denuncia-del-psoe-marin/,2024-01-21T08:09:25,0,,,,,,,,,,,,,,,,,,,,,,,,,,,,,,,,,,,,,,,,,,,,,
Diario Mar√≠n,Visita institucional de la Conselleira de Econom√≠a de la Xunta al mercado de Mar√≠n,https://diariomarin.com/economia-y-empresas/visita-institucional-de-la-conselleira-de-economia-de-la-xunta-al-mercado-de-marin/,2024-01-21T07:59:00,0,,,,,,,,,,,,,,,,,,,,,,,,,,,,,,,,,,,,,,,,,,,,,
Diario Mar√≠n,Voluntarios recogen basura y pellets en las playas de Mar√≠n,https://diariomarin.com/sostenibilidad/voluntarios-recogen-basura-y-pellets-en-las-playas-de-marin/,2024-01-21T06:30:00,0,,,,,,,,,,,,,,,,,,,,,,,,,,,,,,,,,,,,,,,,,,,,,
Diario Mar√≠n,"Nova semana de obradoiros Smartpeme: marketing sostible, whatsapp",https://diariomarin.com/economia-y-empresas/nova-semana-de-obradoiros-smartpeme-marketing-sostible-whatsapp/,2024-01-21T05:00:00,0,,,,,,,,,,,,,,,,,,,,,,,,,,,,,,,,,,,,,,,,,,,,,
Diario Mar√≠n,El elixir de la eterna juventud: el envejecimiento activo,https://diariomarin.com/vida/el-elixir-de-la-eterna-juventud-el-envejecimiento-activo/,2024-01-20T06:30:28,1,Silvia Rodriguez Coladas,21 de enero de 2024 a las 4:38 pm,Fant√°stico art√≠culo üòç,,,,,,,,,,,,,,,,,,,,,,,,,,,,,,,,,,,,,,,,,,
Diario Mar√≠n,La Torre del Reloj se restaurar√° con una subvenci√≥n de Cultura,https://diariomarin.com/marin/la-torre-del-reloj-se-restaurara-con-una-subvencion-de-cultura/,2024-01-20T05:00:00,0,,,,,,,,,,,,,,,,,,,,,,,,,,,,,,,,,,,,,,,,,,,,,
Diario Mar√≠n,PSOE de Mar√≠n critica el retraso de obras en la piscina,https://diariomarin.com/marin/psoe-de-marin-critica-el-retraso-de-obras-en-la-piscina/,2024-01-20T04:51:00,0,,,,,,,,,,,,,,,,,,,,,,,,,,,,,,,,,,,,,,,,,,,,,
Diario Mar√≠n,"Lorena Pati√±o e Irene Trabazo, oro y bronce del Campeonato Galego de Ciclocross",https://diariomarin.com/gente/lorena-patino-e-irene-trabazo-oro-y-bronce-del-campeonato-galego-de-ciclocross/,2024-01-20T04:45:00,0,,,,,,,,,,,,,,,,,,,,,,,,,,,,,,,,,,,,,,,,,,,,,
Diario Mar√≠n,Hoy termina el plazo para solicitar una huerta ecol√≥gica en Mar√≠n por cuatro a√±os en el entorno del Sequelo,https://diariomarin.com/sostenibilidad/hoy-termina-el-plazo-para-solicitar-una-huerta-ecologica-en-marin/,2024-01-20T04:00:00,0,,,,,,,,,,,,,,,,,,,,,,,,,,,,,,,,,,,,,,,,,,,,,
